CREATE DATABASE IF NOT EXISTS crm_database;
USE crm_database;

CREATE TABLE customer (
  customer_id INT AUTO_INCREMENT PRIMARY KEY,
  name VARCHAR(100) NOT NULL,
  email VARCHAR(100) NOT NULL,
  phone VARCHAR(20),
  address TEXT
);

CREATE TABLE product (
  product_id INT AUTO_INCREMENT PRIMARY KEY,
  name VARCHAR(100) NOT NULL,
  price DECIMAL(10,2) NOT NULL,
  stock_quantity INT NOT NULL,
  description TEXT
);

CREATE TABLE `order` (
  order_id INT AUTO_INCREMENT PRIMARY KEY,
  customer_id INT NOT NULL,
  order_date DATETIME NOT NULL,
  total_amount DECIMAL(10,2) NOT NULL,
  status VARCHAR(50) NOT NULL,
  FOREIGN KEY (customer_id) REFERENCES customer(customer_id)
);

CREATE TABLE order_item (
  order_item_id INT AUTO_INCREMENT PRIMARY KEY,
  order_id INT NOT NULL,
  product_id INT NOT NULL,
  quantity INT NOT NULL,
  unit_price DECIMAL(10,2) NOT NULL,
  total_price DECIMAL(10,2) NOT NULL,
  FOREIGN KEY (order_id) REFERENCES `order`(order_id),
  FOREIGN KEY (product_id) REFERENCES product(product_id)
);

CREATE TABLE payment (
  payment_id INT AUTO_INCREMENT PRIMARY KEY,
  order_id INT NOT NULL,
  payment_date DATETIME NOT NULL,
  amount_paid DECIMAL(10,2) NOT NULL,
  payment_method VARCHAR(50) NOT NULL,
  FOREIGN KEY (order_id) REFERENCES `order`(order_id)
);

INSERT INTO customer (name, email, phone, address) VALUES
('John Smith', 'johnsmith@example.com', '01234567800', 'Address 1'),
('Jane Doe', 'janedoe@example.com', '01234567801', 'Address 2'),
('Alice Johnson', 'alicejohnson@example.com', '01234567802', 'Address 3'),
('Bob Lee', 'boblee@example.com', '01234567803', 'Address 4'),
('Carol White', 'carolwhite@example.com', '01234567804', 'Address 5'),
('David Green', 'davidgreen@example.com', '01234567805', 'Address 6'),
('Emily Brown', 'emilybrown@example.com', '01234567806', 'Address 7'),
('Frank Black', 'frankblack@example.com', '01234567807', 'Address 8'),
('Grace King', 'graceking@example.com', '01234567808', 'Address 9'),
('Henry Scott', 'henryscott@example.com', '01234567809', 'Address 10');
INSERT INTO product (name, price, stock_quantity, description) VALUES
('Laptop', 1294.00, 75, 'Description for Laptop'),
('Smartphone', 1373.00, 78, 'Description for Smartphone'),
('Printer', 1585.00, 89, 'Description for Printer'),
('Monitor', 1079.00, 10, 'Description for Monitor'),
('Keyboard', 1859.00, 30, 'Description for Keyboard'),
('Mouse', 1228.00, 37, 'Description for Mouse'),
('Webcam', 581.00, 42, 'Description for Webcam'),
('Router', 1130.00, 61, 'Description for Router'),
('External Hard Drive', 1597.00, 69, 'Description for External Hard Drive'),
('USB Flash Drive', 1637.00, 20, 'Description for USB Flash Drive'),
('Smartwatch', 1416.00, 78, 'Description for Smartwatch'),
('Tablet', 1891.00, 30, 'Description for Tablet'),
('Wireless Charger', 1746.00, 86, 'Description for Wireless Charger'),
('Graphics Card', 732.00, 26, 'Description for Graphics Card'),
('Motherboard', 178.00, 21, 'Description for Motherboard'),
('Power Supply', 1672.00, 76, 'Description for Power Supply'),
('Headphones', 599.00, 97, 'Description for Headphones'),
('Microphone', 652.00, 29, 'Description for Microphone'),
('Laptop Stand', 1969.00, 30, 'Description for Laptop Stand'),
('HDMI Cable', 954.00, 64, 'Description for HDMI Cable');
INSERT INTO `order` (order_id, customer_id, order_date, total_amount, status) VALUES (1, 1, '2025-04-12 17:13:55', 13697.00, 'Completed');
INSERT INTO `order` (order_id, customer_id, order_date, total_amount, status) VALUES (2, 7, '2025-05-09 17:30:55', 2338.00, 'Completed');
INSERT INTO `order` (order_id, customer_id, order_date, total_amount, status) VALUES (3, 5, '2025-04-25 17:33:55', 22358.00, 'Completed');
INSERT INTO `order` (order_id, customer_id, order_date, total_amount, status) VALUES (4, 5, '2025-04-30 17:17:55', 20584.00, 'Completed');
INSERT INTO `order` (order_id, customer_id, order_date, total_amount, status) VALUES (5, 5, '2025-05-10 17:13:55', 10032.00, 'Completed');
INSERT INTO `order` (order_id, customer_id, order_date, total_amount, status) VALUES (6, 9, '2025-04-28 17:08:55', 14857.00, 'Completed');
INSERT INTO `order` (order_id, customer_id, order_date, total_amount, status) VALUES (7, 2, '2025-04-23 17:20:55', 13313.00, 'Completed');
INSERT INTO `order` (order_id, customer_id, order_date, total_amount, status) VALUES (8, 3, '2025-05-01 16:50:55', 4163.00, 'Completed');
INSERT INTO `order` (order_id, customer_id, order_date, total_amount, status) VALUES (9, 2, '2025-04-19 17:11:55', 3586.00, 'Completed');
INSERT INTO `order` (order_id, customer_id, order_date, total_amount, status) VALUES (10, 7, '2025-04-21 16:46:55', 8007.00, 'Completed');
INSERT INTO `order` (order_id, customer_id, order_date, total_amount, status) VALUES (11, 2, '2025-04-30 16:47:55', 8481.00, 'Completed');
INSERT INTO `order` (order_id, customer_id, order_date, total_amount, status) VALUES (12, 4, '2025-04-18 16:57:55', 1965.00, 'Completed');
INSERT INTO `order` (order_id, customer_id, order_date, total_amount, status) VALUES (13, 6, '2025-04-11 17:12:55', 2853.00, 'Completed');
INSERT INTO `order` (order_id, customer_id, order_date, total_amount, status) VALUES (14, 7, '2025-04-14 16:52:55', 11759.00, 'Completed');
INSERT INTO `order` (order_id, customer_id, order_date, total_amount, status) VALUES (15, 1, '2025-04-22 17:35:55', 5976.00, 'Completed');
INSERT INTO `order` (order_id, customer_id, order_date, total_amount, status) VALUES (16, 2, '2025-04-28 16:45:55', 16751.00, 'Completed');
INSERT INTO `order` (order_id, customer_id, order_date, total_amount, status) VALUES (17, 8, '2025-04-28 16:38:55', 2994.00, 'Completed');
INSERT INTO `order` (order_id, customer_id, order_date, total_amount, status) VALUES (18, 8, '2025-04-13 17:13:55', 9168.00, 'Completed');
INSERT INTO `order` (order_id, customer_id, order_date, total_amount, status) VALUES (19, 8, '2025-04-27 17:09:55', 3023.00, 'Completed');
INSERT INTO `order` (order_id, customer_id, order_date, total_amount, status) VALUES (20, 9, '2025-04-25 17:06:55', 6063.00, 'Completed');
INSERT INTO `order` (order_id, customer_id, order_date, total_amount, status) VALUES (21, 1, '2025-05-09 17:33:55', 21150.00, 'Completed');
INSERT INTO `order` (order_id, customer_id, order_date, total_amount, status) VALUES (22, 8, '2025-04-28 16:45:55', 1282.00, 'Completed');
INSERT INTO `order` (order_id, customer_id, order_date, total_amount, status) VALUES (23, 9, '2025-04-16 17:29:55', 1657.00, 'Completed');
INSERT INTO `order` (order_id, customer_id, order_date, total_amount, status) VALUES (24, 3, '2025-04-15 16:38:55', 19979.00, 'Completed');
INSERT INTO `order` (order_id, customer_id, order_date, total_amount, status) VALUES (25, 3, '2025-04-14 17:07:55', 10942.00, 'Completed');
INSERT INTO `order` (order_id, customer_id, order_date, total_amount, status) VALUES (26, 9, '2025-04-27 17:06:55', 16939.00, 'Completed');
INSERT INTO `order` (order_id, customer_id, order_date, total_amount, status) VALUES (27, 6, '2025-05-02 16:50:55', 12017.00, 'Completed');
INSERT INTO `order` (order_id, customer_id, order_date, total_amount, status) VALUES (28, 10, '2025-04-13 17:36:55', 2347.00, 'Completed');
INSERT INTO `order` (order_id, customer_id, order_date, total_amount, status) VALUES (29, 10, '2025-05-01 17:30:55', 1873.00, 'Completed');
INSERT INTO `order` (order_id, customer_id, order_date, total_amount, status) VALUES (30, 2, '2025-05-07 17:01:55', 17493.00, 'Completed');
INSERT INTO `order` (order_id, customer_id, order_date, total_amount, status) VALUES (31, 5, '2025-05-02 17:33:55', 6552.00, 'Completed');
INSERT INTO `order` (order_id, customer_id, order_date, total_amount, status) VALUES (32, 9, '2025-04-12 17:03:55', 24717.00, 'Completed');
INSERT INTO `order` (order_id, customer_id, order_date, total_amount, status) VALUES (33, 9, '2025-04-30 17:25:55', 222.00, 'Completed');
INSERT INTO `order` (order_id, customer_id, order_date, total_amount, status) VALUES (34, 2, '2025-04-13 16:46:55', 18480.00, 'Completed');
INSERT INTO `order` (order_id, customer_id, order_date, total_amount, status) VALUES (35, 9, '2025-04-22 16:54:55', 1332.00, 'Completed');
INSERT INTO `order` (order_id, customer_id, order_date, total_amount, status) VALUES (36, 2, '2025-04-17 17:22:55', 1698.00, 'Completed');
INSERT INTO `order` (order_id, customer_id, order_date, total_amount, status) VALUES (37, 3, '2025-05-03 17:17:55', 7296.00, 'Completed');
INSERT INTO `order` (order_id, customer_id, order_date, total_amount, status) VALUES (38, 1, '2025-04-27 17:25:55', 9048.00, 'Completed');
INSERT INTO `order` (order_id, customer_id, order_date, total_amount, status) VALUES (39, 2, '2025-05-10 17:07:55', 10138.00, 'Completed');
INSERT INTO `order` (order_id, customer_id, order_date, total_amount, status) VALUES (40, 3, '2025-04-15 17:24:55', 16229.00, 'Completed');
INSERT INTO `order` (order_id, customer_id, order_date, total_amount, status) VALUES (41, 8, '2025-04-26 17:31:55', 3450.00, 'Completed');
INSERT INTO `order` (order_id, customer_id, order_date, total_amount, status) VALUES (42, 4, '2025-04-11 16:45:55', 7720.00, 'Completed');
INSERT INTO `order` (order_id, customer_id, order_date, total_amount, status) VALUES (43, 4, '2025-04-24 17:15:55', 10237.00, 'Completed');
INSERT INTO `order` (order_id, customer_id, order_date, total_amount, status) VALUES (44, 6, '2025-04-14 17:18:55', 14384.00, 'Completed');
INSERT INTO `order` (order_id, customer_id, order_date, total_amount, status) VALUES (45, 8, '2025-04-24 17:16:55', 5408.00, 'Completed');
INSERT INTO `order` (order_id, customer_id, order_date, total_amount, status) VALUES (46, 7, '2025-05-06 17:30:55', 16104.00, 'Completed');
INSERT INTO `order` (order_id, customer_id, order_date, total_amount, status) VALUES (47, 2, '2025-04-21 17:32:55', 13240.00, 'Completed');
INSERT INTO `order` (order_id, customer_id, order_date, total_amount, status) VALUES (48, 4, '2025-04-25 16:39:55', 17077.00, 'Completed');
INSERT INTO `order` (order_id, customer_id, order_date, total_amount, status) VALUES (49, 10, '2025-04-25 17:01:55', 9475.00, 'Completed');
INSERT INTO `order` (order_id, customer_id, order_date, total_amount, status) VALUES (50, 2, '2025-05-02 17:06:55', 8768.00, 'Completed');
INSERT INTO `order` (order_id, customer_id, order_date, total_amount, status) VALUES (51, 7, '2025-04-29 17:30:55', 3489.00, 'Completed');
INSERT INTO `order` (order_id, customer_id, order_date, total_amount, status) VALUES (52, 7, '2025-04-11 16:38:55', 13372.00, 'Completed');
INSERT INTO `order` (order_id, customer_id, order_date, total_amount, status) VALUES (53, 6, '2025-05-05 17:08:55', 3746.00, 'Completed');
INSERT INTO `order` (order_id, customer_id, order_date, total_amount, status) VALUES (54, 3, '2025-05-04 17:35:55', 15756.00, 'Completed');
INSERT INTO `order` (order_id, customer_id, order_date, total_amount, status) VALUES (55, 4, '2025-04-14 16:53:55', 5926.00, 'Completed');
INSERT INTO `order` (order_id, customer_id, order_date, total_amount, status) VALUES (56, 7, '2025-05-01 17:03:55', 4316.00, 'Completed');
INSERT INTO `order` (order_id, customer_id, order_date, total_amount, status) VALUES (57, 4, '2025-04-21 17:20:55', 15949.00, 'Completed');
INSERT INTO `order` (order_id, customer_id, order_date, total_amount, status) VALUES (58, 3, '2025-04-14 17:24:55', 1682.00, 'Completed');
INSERT INTO `order` (order_id, customer_id, order_date, total_amount, status) VALUES (59, 9, '2025-04-28 17:12:55', 12191.00, 'Completed');
INSERT INTO `order` (order_id, customer_id, order_date, total_amount, status) VALUES (60, 2, '2025-04-26 16:56:55', 22394.00, 'Completed');
INSERT INTO `order` (order_id, customer_id, order_date, total_amount, status) VALUES (61, 3, '2025-04-19 16:50:55', 6815.00, 'Completed');
INSERT INTO `order` (order_id, customer_id, order_date, total_amount, status) VALUES (62, 7, '2025-04-27 17:16:55', 12456.00, 'Completed');
INSERT INTO `order` (order_id, customer_id, order_date, total_amount, status) VALUES (63, 2, '2025-04-24 17:29:55', 13488.00, 'Completed');
INSERT INTO `order` (order_id, customer_id, order_date, total_amount, status) VALUES (64, 2, '2025-05-10 17:21:55', 15271.00, 'Completed');
INSERT INTO `order` (order_id, customer_id, order_date, total_amount, status) VALUES (65, 1, '2025-05-03 17:33:55', 9185.00, 'Completed');
INSERT INTO `order` (order_id, customer_id, order_date, total_amount, status) VALUES (66, 10, '2025-04-22 17:31:55', 7577.00, 'Completed');
INSERT INTO `order` (order_id, customer_id, order_date, total_amount, status) VALUES (67, 8, '2025-04-12 17:33:55', 4935.00, 'Completed');
INSERT INTO `order` (order_id, customer_id, order_date, total_amount, status) VALUES (68, 4, '2025-04-25 17:32:55', 20340.00, 'Completed');
INSERT INTO `order` (order_id, customer_id, order_date, total_amount, status) VALUES (69, 2, '2025-05-04 16:59:55', 4318.00, 'Completed');
INSERT INTO `order` (order_id, customer_id, order_date, total_amount, status) VALUES (70, 8, '2025-04-21 17:33:55', 10594.00, 'Completed');
INSERT INTO `order` (order_id, customer_id, order_date, total_amount, status) VALUES (71, 9, '2025-04-14 17:35:55', 7220.00, 'Completed');
INSERT INTO `order` (order_id, customer_id, order_date, total_amount, status) VALUES (72, 6, '2025-04-16 17:30:55', 6428.00, 'Completed');
INSERT INTO `order` (order_id, customer_id, order_date, total_amount, status) VALUES (73, 6, '2025-05-06 17:18:55', 15219.00, 'Completed');
INSERT INTO `order` (order_id, customer_id, order_date, total_amount, status) VALUES (74, 1, '2025-04-28 17:10:55', 14674.00, 'Completed');
INSERT INTO `order` (order_id, customer_id, order_date, total_amount, status) VALUES (75, 8, '2025-04-30 16:54:55', 12990.00, 'Completed');
INSERT INTO `order` (order_id, customer_id, order_date, total_amount, status) VALUES (76, 8, '2025-04-14 17:02:55', 13879.00, 'Completed');
INSERT INTO `order` (order_id, customer_id, order_date, total_amount, status) VALUES (77, 8, '2025-04-25 17:22:55', 17623.00, 'Completed');
INSERT INTO `order` (order_id, customer_id, order_date, total_amount, status) VALUES (78, 10, '2025-04-18 17:18:55', 4164.00, 'Completed');
INSERT INTO `order` (order_id, customer_id, order_date, total_amount, status) VALUES (79, 3, '2025-04-26 16:47:55', 14692.00, 'Completed');
INSERT INTO `order` (order_id, customer_id, order_date, total_amount, status) VALUES (80, 2, '2025-04-23 17:13:55', 8466.00, 'Completed');
INSERT INTO `order` (order_id, customer_id, order_date, total_amount, status) VALUES (81, 3, '2025-04-19 16:59:55', 18457.00, 'Completed');
INSERT INTO `order` (order_id, customer_id, order_date, total_amount, status) VALUES (82, 1, '2025-04-20 17:34:55', 6130.00, 'Completed');
INSERT INTO `order` (order_id, customer_id, order_date, total_amount, status) VALUES (83, 7, '2025-04-13 17:34:55', 3570.00, 'Completed');
INSERT INTO `order` (order_id, customer_id, order_date, total_amount, status) VALUES (84, 9, '2025-04-18 17:28:55', 19918.00, 'Completed');
INSERT INTO `order` (order_id, customer_id, order_date, total_amount, status) VALUES (85, 3, '2025-05-04 16:57:55', 384.00, 'Completed');
INSERT INTO `order` (order_id, customer_id, order_date, total_amount, status) VALUES (86, 5, '2025-05-03 16:41:55', 12884.00, 'Completed');
INSERT INTO `order` (order_id, customer_id, order_date, total_amount, status) VALUES (87, 6, '2025-04-18 17:30:55', 5220.00, 'Completed');
INSERT INTO `order` (order_id, customer_id, order_date, total_amount, status) VALUES (88, 3, '2025-05-04 17:15:55', 10920.00, 'Completed');
INSERT INTO `order` (order_id, customer_id, order_date, total_amount, status) VALUES (89, 7, '2025-04-11 17:23:55', 746.00, 'Completed');
INSERT INTO `order` (order_id, customer_id, order_date, total_amount, status) VALUES (90, 6, '2025-05-04 17:28:55', 13740.00, 'Completed');
INSERT INTO `order` (order_id, customer_id, order_date, total_amount, status) VALUES (91, 5, '2025-05-05 16:49:55', 10392.00, 'Completed');
INSERT INTO `order` (order_id, customer_id, order_date, total_amount, status) VALUES (92, 2, '2025-04-30 17:12:55', 9777.00, 'Completed');
INSERT INTO `order` (order_id, customer_id, order_date, total_amount, status) VALUES (93, 6, '2025-05-06 17:26:55', 14396.00, 'Completed');
INSERT INTO `order` (order_id, customer_id, order_date, total_amount, status) VALUES (94, 10, '2025-04-14 16:43:55', 15701.00, 'Completed');
INSERT INTO `order` (order_id, customer_id, order_date, total_amount, status) VALUES (95, 9, '2025-04-16 16:50:55', 18171.00, 'Completed');
INSERT INTO `order` (order_id, customer_id, order_date, total_amount, status) VALUES (96, 5, '2025-05-07 17:17:55', 1146.00, 'Completed');
INSERT INTO `order` (order_id, customer_id, order_date, total_amount, status) VALUES (97, 9, '2025-04-22 17:04:55', 9410.00, 'Completed');
INSERT INTO `order` (order_id, customer_id, order_date, total_amount, status) VALUES (98, 9, '2025-05-01 17:33:55', 2662.00, 'Completed');
INSERT INTO `order` (order_id, customer_id, order_date, total_amount, status) VALUES (99, 3, '2025-05-09 17:27:55', 20522.00, 'Completed');
INSERT INTO `order` (order_id, customer_id, order_date, total_amount, status) VALUES (100, 6, '2025-04-25 17:30:55', 10780.00, 'Completed');
INSERT INTO order_item (order_item_id, order_id, product_id, quantity, unit_price, total_price) VALUES (1, 1, 8, 3, 254.00, 762.00);
INSERT INTO order_item (order_item_id, order_id, product_id, quantity, unit_price, total_price) VALUES (2, 1, 14, 2, 1619.00, 3238.00);
INSERT INTO order_item (order_item_id, order_id, product_id, quantity, unit_price, total_price) VALUES (3, 1, 18, 2, 1720.00, 3440.00);
INSERT INTO order_item (order_item_id, order_id, product_id, quantity, unit_price, total_price) VALUES (4, 1, 6, 2, 1990.00, 3980.00);
INSERT INTO order_item (order_item_id, order_id, product_id, quantity, unit_price, total_price) VALUES (5, 1, 10, 3, 759.00, 2277.00);
INSERT INTO order_item (order_item_id, order_id, product_id, quantity, unit_price, total_price) VALUES (6, 2, 20, 1, 607.00, 607.00);
INSERT INTO order_item (order_item_id, order_id, product_id, quantity, unit_price, total_price) VALUES (7, 2, 12, 1, 669.00, 669.00);
INSERT INTO order_item (order_item_id, order_id, product_id, quantity, unit_price, total_price) VALUES (8, 2, 14, 1, 1062.00, 1062.00);
INSERT INTO order_item (order_item_id, order_id, product_id, quantity, unit_price, total_price) VALUES (9, 3, 14, 3, 1273.00, 3819.00);
INSERT INTO order_item (order_item_id, order_id, product_id, quantity, unit_price, total_price) VALUES (10, 3, 4, 2, 1667.00, 3334.00);
INSERT INTO order_item (order_item_id, order_id, product_id, quantity, unit_price, total_price) VALUES (11, 3, 1, 1, 1885.00, 1885.00);
INSERT INTO order_item (order_item_id, order_id, product_id, quantity, unit_price, total_price) VALUES (12, 3, 6, 3, 1293.00, 3879.00);
INSERT INTO order_item (order_item_id, order_id, product_id, quantity, unit_price, total_price) VALUES (13, 3, 18, 3, 1167.00, 3501.00);
INSERT INTO order_item (order_item_id, order_id, product_id, quantity, unit_price, total_price) VALUES (14, 3, 17, 3, 1980.00, 5940.00);
INSERT INTO order_item (order_item_id, order_id, product_id, quantity, unit_price, total_price) VALUES (15, 4, 10, 1, 1333.00, 1333.00);
INSERT INTO order_item (order_item_id, order_id, product_id, quantity, unit_price, total_price) VALUES (16, 4, 12, 3, 815.00, 2445.00);
INSERT INTO order_item (order_item_id, order_id, product_id, quantity, unit_price, total_price) VALUES (17, 4, 8, 2, 982.00, 1964.00);
INSERT INTO order_item (order_item_id, order_id, product_id, quantity, unit_price, total_price) VALUES (18, 4, 20, 3, 1173.00, 3519.00);
INSERT INTO order_item (order_item_id, order_id, product_id, quantity, unit_price, total_price) VALUES (19, 4, 13, 3, 1705.00, 5115.00);
INSERT INTO order_item (order_item_id, order_id, product_id, quantity, unit_price, total_price) VALUES (20, 4, 9, 2, 1623.00, 3246.00);
INSERT INTO order_item (order_item_id, order_id, product_id, quantity, unit_price, total_price) VALUES (21, 4, 18, 2, 932.00, 1864.00);
INSERT INTO order_item (order_item_id, order_id, product_id, quantity, unit_price, total_price) VALUES (22, 4, 6, 1, 1098.00, 1098.00);
INSERT INTO order_item (order_item_id, order_id, product_id, quantity, unit_price, total_price) VALUES (23, 5, 12, 2, 804.00, 1608.00);
INSERT INTO order_item (order_item_id, order_id, product_id, quantity, unit_price, total_price) VALUES (24, 5, 1, 2, 423.00, 846.00);
INSERT INTO order_item (order_item_id, order_id, product_id, quantity, unit_price, total_price) VALUES (25, 5, 19, 2, 370.00, 740.00);
INSERT INTO order_item (order_item_id, order_id, product_id, quantity, unit_price, total_price) VALUES (26, 5, 15, 2, 1427.00, 2854.00);
INSERT INTO order_item (order_item_id, order_id, product_id, quantity, unit_price, total_price) VALUES (27, 5, 16, 3, 1328.00, 3984.00);
INSERT INTO order_item (order_item_id, order_id, product_id, quantity, unit_price, total_price) VALUES (28, 6, 5, 2, 587.00, 1174.00);
INSERT INTO order_item (order_item_id, order_id, product_id, quantity, unit_price, total_price) VALUES (29, 6, 11, 2, 1862.00, 3724.00);
INSERT INTO order_item (order_item_id, order_id, product_id, quantity, unit_price, total_price) VALUES (30, 6, 16, 3, 1306.00, 3918.00);
INSERT INTO order_item (order_item_id, order_id, product_id, quantity, unit_price, total_price) VALUES (31, 6, 18, 3, 1065.00, 3195.00);
INSERT INTO order_item (order_item_id, order_id, product_id, quantity, unit_price, total_price) VALUES (32, 6, 9, 2, 1113.00, 2226.00);
INSERT INTO order_item (order_item_id, order_id, product_id, quantity, unit_price, total_price) VALUES (33, 6, 6, 1, 620.00, 620.00);
INSERT INTO order_item (order_item_id, order_id, product_id, quantity, unit_price, total_price) VALUES (34, 7, 13, 1, 1800.00, 1800.00);
INSERT INTO order_item (order_item_id, order_id, product_id, quantity, unit_price, total_price) VALUES (35, 7, 12, 3, 708.00, 2124.00);
INSERT INTO order_item (order_item_id, order_id, product_id, quantity, unit_price, total_price) VALUES (36, 7, 3, 3, 826.00, 2478.00);
INSERT INTO order_item (order_item_id, order_id, product_id, quantity, unit_price, total_price) VALUES (37, 7, 19, 2, 1843.00, 3686.00);
INSERT INTO order_item (order_item_id, order_id, product_id, quantity, unit_price, total_price) VALUES (38, 7, 14, 1, 1328.00, 1328.00);
INSERT INTO order_item (order_item_id, order_id, product_id, quantity, unit_price, total_price) VALUES (39, 7, 11, 2, 471.00, 942.00);
INSERT INTO order_item (order_item_id, order_id, product_id, quantity, unit_price, total_price) VALUES (40, 7, 15, 1, 508.00, 508.00);
INSERT INTO order_item (order_item_id, order_id, product_id, quantity, unit_price, total_price) VALUES (41, 7, 9, 3, 149.00, 447.00);
INSERT INTO order_item (order_item_id, order_id, product_id, quantity, unit_price, total_price) VALUES (42, 8, 19, 1, 1147.00, 1147.00);
INSERT INTO order_item (order_item_id, order_id, product_id, quantity, unit_price, total_price) VALUES (43, 8, 9, 2, 1508.00, 3016.00);
INSERT INTO order_item (order_item_id, order_id, product_id, quantity, unit_price, total_price) VALUES (44, 9, 12, 1, 1755.00, 1755.00);
INSERT INTO order_item (order_item_id, order_id, product_id, quantity, unit_price, total_price) VALUES (45, 9, 2, 1, 1831.00, 1831.00);
INSERT INTO order_item (order_item_id, order_id, product_id, quantity, unit_price, total_price) VALUES (46, 10, 6, 2, 428.00, 856.00);
INSERT INTO order_item (order_item_id, order_id, product_id, quantity, unit_price, total_price) VALUES (47, 10, 15, 1, 1538.00, 1538.00);
INSERT INTO order_item (order_item_id, order_id, product_id, quantity, unit_price, total_price) VALUES (48, 10, 20, 2, 1675.00, 3350.00);
INSERT INTO order_item (order_item_id, order_id, product_id, quantity, unit_price, total_price) VALUES (49, 10, 19, 2, 378.00, 756.00);
INSERT INTO order_item (order_item_id, order_id, product_id, quantity, unit_price, total_price) VALUES (50, 10, 11, 1, 1507.00, 1507.00);
INSERT INTO order_item (order_item_id, order_id, product_id, quantity, unit_price, total_price) VALUES (51, 11, 18, 1, 735.00, 735.00);
INSERT INTO order_item (order_item_id, order_id, product_id, quantity, unit_price, total_price) VALUES (52, 11, 7, 3, 1852.00, 5556.00);
INSERT INTO order_item (order_item_id, order_id, product_id, quantity, unit_price, total_price) VALUES (53, 11, 9, 2, 1095.00, 2190.00);
INSERT INTO order_item (order_item_id, order_id, product_id, quantity, unit_price, total_price) VALUES (54, 12, 14, 3, 655.00, 1965.00);
INSERT INTO order_item (order_item_id, order_id, product_id, quantity, unit_price, total_price) VALUES (55, 13, 15, 2, 1294.00, 2588.00);
INSERT INTO order_item (order_item_id, order_id, product_id, quantity, unit_price, total_price) VALUES (56, 13, 14, 1, 265.00, 265.00);
INSERT INTO order_item (order_item_id, order_id, product_id, quantity, unit_price, total_price) VALUES (57, 14, 13, 1, 866.00, 866.00);
INSERT INTO order_item (order_item_id, order_id, product_id, quantity, unit_price, total_price) VALUES (58, 14, 3, 1, 425.00, 425.00);
INSERT INTO order_item (order_item_id, order_id, product_id, quantity, unit_price, total_price) VALUES (59, 14, 7, 1, 880.00, 880.00);
INSERT INTO order_item (order_item_id, order_id, product_id, quantity, unit_price, total_price) VALUES (60, 14, 19, 2, 235.00, 470.00);
INSERT INTO order_item (order_item_id, order_id, product_id, quantity, unit_price, total_price) VALUES (61, 14, 9, 1, 1528.00, 1528.00);
INSERT INTO order_item (order_item_id, order_id, product_id, quantity, unit_price, total_price) VALUES (62, 14, 5, 1, 689.00, 689.00);
INSERT INTO order_item (order_item_id, order_id, product_id, quantity, unit_price, total_price) VALUES (63, 14, 2, 3, 466.00, 1398.00);
INSERT INTO order_item (order_item_id, order_id, product_id, quantity, unit_price, total_price) VALUES (64, 14, 18, 3, 1730.00, 5190.00);
INSERT INTO order_item (order_item_id, order_id, product_id, quantity, unit_price, total_price) VALUES (65, 14, 6, 1, 313.00, 313.00);
INSERT INTO order_item (order_item_id, order_id, product_id, quantity, unit_price, total_price) VALUES (66, 15, 1, 3, 671.00, 2013.00);
INSERT INTO order_item (order_item_id, order_id, product_id, quantity, unit_price, total_price) VALUES (67, 15, 12, 1, 735.00, 735.00);
INSERT INTO order_item (order_item_id, order_id, product_id, quantity, unit_price, total_price) VALUES (68, 15, 17, 3, 279.00, 837.00);
INSERT INTO order_item (order_item_id, order_id, product_id, quantity, unit_price, total_price) VALUES (69, 15, 13, 3, 797.00, 2391.00);
INSERT INTO order_item (order_item_id, order_id, product_id, quantity, unit_price, total_price) VALUES (70, 16, 14, 2, 642.00, 1284.00);
INSERT INTO order_item (order_item_id, order_id, product_id, quantity, unit_price, total_price) VALUES (71, 16, 2, 3, 631.00, 1893.00);
INSERT INTO order_item (order_item_id, order_id, product_id, quantity, unit_price, total_price) VALUES (72, 16, 5, 3, 1156.00, 3468.00);
INSERT INTO order_item (order_item_id, order_id, product_id, quantity, unit_price, total_price) VALUES (73, 16, 10, 2, 506.00, 1012.00);
INSERT INTO order_item (order_item_id, order_id, product_id, quantity, unit_price, total_price) VALUES (74, 16, 11, 3, 488.00, 1464.00);
INSERT INTO order_item (order_item_id, order_id, product_id, quantity, unit_price, total_price) VALUES (75, 16, 18, 3, 658.00, 1974.00);
INSERT INTO order_item (order_item_id, order_id, product_id, quantity, unit_price, total_price) VALUES (76, 16, 16, 1, 1237.00, 1237.00);
INSERT INTO order_item (order_item_id, order_id, product_id, quantity, unit_price, total_price) VALUES (77, 16, 20, 3, 1103.00, 3309.00);
INSERT INTO order_item (order_item_id, order_id, product_id, quantity, unit_price, total_price) VALUES (78, 16, 13, 1, 1110.00, 1110.00);
INSERT INTO order_item (order_item_id, order_id, product_id, quantity, unit_price, total_price) VALUES (79, 17, 9, 2, 1309.00, 2618.00);
INSERT INTO order_item (order_item_id, order_id, product_id, quantity, unit_price, total_price) VALUES (80, 17, 1, 1, 376.00, 376.00);
INSERT INTO order_item (order_item_id, order_id, product_id, quantity, unit_price, total_price) VALUES (81, 18, 8, 1, 791.00, 791.00);
INSERT INTO order_item (order_item_id, order_id, product_id, quantity, unit_price, total_price) VALUES (82, 18, 17, 2, 1332.00, 2664.00);
INSERT INTO order_item (order_item_id, order_id, product_id, quantity, unit_price, total_price) VALUES (83, 18, 7, 2, 123.00, 246.00);
INSERT INTO order_item (order_item_id, order_id, product_id, quantity, unit_price, total_price) VALUES (84, 18, 13, 1, 979.00, 979.00);
INSERT INTO order_item (order_item_id, order_id, product_id, quantity, unit_price, total_price) VALUES (85, 18, 11, 1, 1845.00, 1845.00);
INSERT INTO order_item (order_item_id, order_id, product_id, quantity, unit_price, total_price) VALUES (86, 18, 9, 1, 1433.00, 1433.00);
INSERT INTO order_item (order_item_id, order_id, product_id, quantity, unit_price, total_price) VALUES (87, 18, 15, 2, 605.00, 1210.00);
INSERT INTO order_item (order_item_id, order_id, product_id, quantity, unit_price, total_price) VALUES (88, 19, 4, 1, 1691.00, 1691.00);
INSERT INTO order_item (order_item_id, order_id, product_id, quantity, unit_price, total_price) VALUES (89, 19, 9, 1, 1332.00, 1332.00);
INSERT INTO order_item (order_item_id, order_id, product_id, quantity, unit_price, total_price) VALUES (90, 20, 5, 1, 843.00, 843.00);
INSERT INTO order_item (order_item_id, order_id, product_id, quantity, unit_price, total_price) VALUES (91, 20, 19, 3, 1740.00, 5220.00);
INSERT INTO order_item (order_item_id, order_id, product_id, quantity, unit_price, total_price) VALUES (92, 21, 12, 3, 265.00, 795.00);
INSERT INTO order_item (order_item_id, order_id, product_id, quantity, unit_price, total_price) VALUES (93, 21, 2, 3, 1795.00, 5385.00);
INSERT INTO order_item (order_item_id, order_id, product_id, quantity, unit_price, total_price) VALUES (94, 21, 4, 1, 1985.00, 1985.00);
INSERT INTO order_item (order_item_id, order_id, product_id, quantity, unit_price, total_price) VALUES (95, 21, 13, 3, 1208.00, 3624.00);
INSERT INTO order_item (order_item_id, order_id, product_id, quantity, unit_price, total_price) VALUES (96, 21, 1, 1, 956.00, 956.00);
INSERT INTO order_item (order_item_id, order_id, product_id, quantity, unit_price, total_price) VALUES (97, 21, 14, 2, 109.00, 218.00);
INSERT INTO order_item (order_item_id, order_id, product_id, quantity, unit_price, total_price) VALUES (98, 21, 8, 2, 1590.00, 3180.00);
INSERT INTO order_item (order_item_id, order_id, product_id, quantity, unit_price, total_price) VALUES (99, 21, 10, 1, 927.00, 927.00);
INSERT INTO order_item (order_item_id, order_id, product_id, quantity, unit_price, total_price) VALUES (100, 21, 15, 3, 1360.00, 4080.00);
INSERT INTO order_item (order_item_id, order_id, product_id, quantity, unit_price, total_price) VALUES (101, 22, 19, 1, 1282.00, 1282.00);
INSERT INTO order_item (order_item_id, order_id, product_id, quantity, unit_price, total_price) VALUES (102, 23, 12, 1, 1657.00, 1657.00);
INSERT INTO order_item (order_item_id, order_id, product_id, quantity, unit_price, total_price) VALUES (103, 24, 5, 2, 1221.00, 2442.00);
INSERT INTO order_item (order_item_id, order_id, product_id, quantity, unit_price, total_price) VALUES (104, 24, 16, 3, 374.00, 1122.00);
INSERT INTO order_item (order_item_id, order_id, product_id, quantity, unit_price, total_price) VALUES (105, 24, 1, 1, 1583.00, 1583.00);
INSERT INTO order_item (order_item_id, order_id, product_id, quantity, unit_price, total_price) VALUES (106, 24, 17, 2, 1372.00, 2744.00);
INSERT INTO order_item (order_item_id, order_id, product_id, quantity, unit_price, total_price) VALUES (107, 24, 8, 1, 376.00, 376.00);
INSERT INTO order_item (order_item_id, order_id, product_id, quantity, unit_price, total_price) VALUES (108, 24, 9, 3, 782.00, 2346.00);
INSERT INTO order_item (order_item_id, order_id, product_id, quantity, unit_price, total_price) VALUES (109, 24, 20, 3, 1757.00, 5271.00);
INSERT INTO order_item (order_item_id, order_id, product_id, quantity, unit_price, total_price) VALUES (110, 24, 18, 1, 1699.00, 1699.00);
INSERT INTO order_item (order_item_id, order_id, product_id, quantity, unit_price, total_price) VALUES (111, 24, 15, 2, 961.00, 1922.00);
INSERT INTO order_item (order_item_id, order_id, product_id, quantity, unit_price, total_price) VALUES (112, 24, 2, 2, 237.00, 474.00);
INSERT INTO order_item (order_item_id, order_id, product_id, quantity, unit_price, total_price) VALUES (113, 25, 15, 1, 1848.00, 1848.00);
INSERT INTO order_item (order_item_id, order_id, product_id, quantity, unit_price, total_price) VALUES (114, 25, 18, 1, 1073.00, 1073.00);
INSERT INTO order_item (order_item_id, order_id, product_id, quantity, unit_price, total_price) VALUES (115, 25, 2, 3, 729.00, 2187.00);
INSERT INTO order_item (order_item_id, order_id, product_id, quantity, unit_price, total_price) VALUES (116, 25, 1, 2, 1559.00, 3118.00);
INSERT INTO order_item (order_item_id, order_id, product_id, quantity, unit_price, total_price) VALUES (117, 25, 11, 1, 624.00, 624.00);
INSERT INTO order_item (order_item_id, order_id, product_id, quantity, unit_price, total_price) VALUES (118, 25, 9, 2, 1046.00, 2092.00);
INSERT INTO order_item (order_item_id, order_id, product_id, quantity, unit_price, total_price) VALUES (119, 26, 16, 1, 741.00, 741.00);
INSERT INTO order_item (order_item_id, order_id, product_id, quantity, unit_price, total_price) VALUES (120, 26, 15, 1, 962.00, 962.00);
INSERT INTO order_item (order_item_id, order_id, product_id, quantity, unit_price, total_price) VALUES (121, 26, 17, 1, 1129.00, 1129.00);
INSERT INTO order_item (order_item_id, order_id, product_id, quantity, unit_price, total_price) VALUES (122, 26, 11, 3, 1530.00, 4590.00);
INSERT INTO order_item (order_item_id, order_id, product_id, quantity, unit_price, total_price) VALUES (123, 26, 12, 1, 877.00, 877.00);
INSERT INTO order_item (order_item_id, order_id, product_id, quantity, unit_price, total_price) VALUES (124, 26, 1, 2, 1877.00, 3754.00);
INSERT INTO order_item (order_item_id, order_id, product_id, quantity, unit_price, total_price) VALUES (125, 26, 14, 2, 181.00, 362.00);
INSERT INTO order_item (order_item_id, order_id, product_id, quantity, unit_price, total_price) VALUES (126, 26, 18, 2, 1555.00, 3110.00);
INSERT INTO order_item (order_item_id, order_id, product_id, quantity, unit_price, total_price) VALUES (127, 26, 8, 1, 1414.00, 1414.00);
INSERT INTO order_item (order_item_id, order_id, product_id, quantity, unit_price, total_price) VALUES (128, 27, 6, 2, 1362.00, 2724.00);
INSERT INTO order_item (order_item_id, order_id, product_id, quantity, unit_price, total_price) VALUES (129, 27, 11, 3, 1833.00, 5499.00);
INSERT INTO order_item (order_item_id, order_id, product_id, quantity, unit_price, total_price) VALUES (130, 27, 13, 1, 1414.00, 1414.00);
INSERT INTO order_item (order_item_id, order_id, product_id, quantity, unit_price, total_price) VALUES (131, 27, 16, 2, 1190.00, 2380.00);
INSERT INTO order_item (order_item_id, order_id, product_id, quantity, unit_price, total_price) VALUES (132, 28, 10, 2, 839.00, 1678.00);
INSERT INTO order_item (order_item_id, order_id, product_id, quantity, unit_price, total_price) VALUES (133, 28, 1, 3, 223.00, 669.00);
INSERT INTO order_item (order_item_id, order_id, product_id, quantity, unit_price, total_price) VALUES (134, 29, 8, 2, 363.00, 726.00);
INSERT INTO order_item (order_item_id, order_id, product_id, quantity, unit_price, total_price) VALUES (135, 29, 12, 1, 1147.00, 1147.00);
INSERT INTO order_item (order_item_id, order_id, product_id, quantity, unit_price, total_price) VALUES (136, 30, 11, 1, 1491.00, 1491.00);
INSERT INTO order_item (order_item_id, order_id, product_id, quantity, unit_price, total_price) VALUES (137, 30, 12, 1, 917.00, 917.00);
INSERT INTO order_item (order_item_id, order_id, product_id, quantity, unit_price, total_price) VALUES (138, 30, 7, 2, 1820.00, 3640.00);
INSERT INTO order_item (order_item_id, order_id, product_id, quantity, unit_price, total_price) VALUES (139, 30, 20, 2, 1666.00, 3332.00);
INSERT INTO order_item (order_item_id, order_id, product_id, quantity, unit_price, total_price) VALUES (140, 30, 10, 1, 366.00, 366.00);
INSERT INTO order_item (order_item_id, order_id, product_id, quantity, unit_price, total_price) VALUES (141, 30, 13, 3, 743.00, 2229.00);
INSERT INTO order_item (order_item_id, order_id, product_id, quantity, unit_price, total_price) VALUES (142, 30, 17, 1, 336.00, 336.00);
INSERT INTO order_item (order_item_id, order_id, product_id, quantity, unit_price, total_price) VALUES (143, 30, 1, 3, 973.00, 2919.00);
INSERT INTO order_item (order_item_id, order_id, product_id, quantity, unit_price, total_price) VALUES (144, 30, 15, 1, 1900.00, 1900.00);
INSERT INTO order_item (order_item_id, order_id, product_id, quantity, unit_price, total_price) VALUES (145, 30, 5, 1, 363.00, 363.00);
INSERT INTO order_item (order_item_id, order_id, product_id, quantity, unit_price, total_price) VALUES (146, 31, 13, 3, 1322.00, 3966.00);
INSERT INTO order_item (order_item_id, order_id, product_id, quantity, unit_price, total_price) VALUES (147, 31, 5, 1, 582.00, 582.00);
INSERT INTO order_item (order_item_id, order_id, product_id, quantity, unit_price, total_price) VALUES (148, 31, 1, 3, 668.00, 2004.00);
INSERT INTO order_item (order_item_id, order_id, product_id, quantity, unit_price, total_price) VALUES (149, 32, 3, 1, 1367.00, 1367.00);
INSERT INTO order_item (order_item_id, order_id, product_id, quantity, unit_price, total_price) VALUES (150, 32, 17, 2, 1504.00, 3008.00);
INSERT INTO order_item (order_item_id, order_id, product_id, quantity, unit_price, total_price) VALUES (151, 32, 4, 2, 388.00, 776.00);
INSERT INTO order_item (order_item_id, order_id, product_id, quantity, unit_price, total_price) VALUES (152, 32, 5, 1, 693.00, 693.00);
INSERT INTO order_item (order_item_id, order_id, product_id, quantity, unit_price, total_price) VALUES (153, 32, 6, 3, 1060.00, 3180.00);
INSERT INTO order_item (order_item_id, order_id, product_id, quantity, unit_price, total_price) VALUES (154, 32, 1, 3, 254.00, 762.00);
INSERT INTO order_item (order_item_id, order_id, product_id, quantity, unit_price, total_price) VALUES (155, 32, 16, 3, 1762.00, 5286.00);
INSERT INTO order_item (order_item_id, order_id, product_id, quantity, unit_price, total_price) VALUES (156, 32, 14, 3, 1009.00, 3027.00);
INSERT INTO order_item (order_item_id, order_id, product_id, quantity, unit_price, total_price) VALUES (157, 32, 13, 1, 1866.00, 1866.00);
INSERT INTO order_item (order_item_id, order_id, product_id, quantity, unit_price, total_price) VALUES (158, 32, 18, 3, 1584.00, 4752.00);
INSERT INTO order_item (order_item_id, order_id, product_id, quantity, unit_price, total_price) VALUES (159, 33, 5, 1, 222.00, 222.00);
INSERT INTO order_item (order_item_id, order_id, product_id, quantity, unit_price, total_price) VALUES (160, 34, 8, 2, 1044.00, 2088.00);
INSERT INTO order_item (order_item_id, order_id, product_id, quantity, unit_price, total_price) VALUES (161, 34, 12, 1, 1332.00, 1332.00);
INSERT INTO order_item (order_item_id, order_id, product_id, quantity, unit_price, total_price) VALUES (162, 34, 11, 3, 1600.00, 4800.00);
INSERT INTO order_item (order_item_id, order_id, product_id, quantity, unit_price, total_price) VALUES (163, 34, 10, 3, 1648.00, 4944.00);
INSERT INTO order_item (order_item_id, order_id, product_id, quantity, unit_price, total_price) VALUES (164, 34, 14, 1, 507.00, 507.00);
INSERT INTO order_item (order_item_id, order_id, product_id, quantity, unit_price, total_price) VALUES (165, 34, 17, 2, 138.00, 276.00);
INSERT INTO order_item (order_item_id, order_id, product_id, quantity, unit_price, total_price) VALUES (166, 34, 18, 3, 1511.00, 4533.00);
INSERT INTO order_item (order_item_id, order_id, product_id, quantity, unit_price, total_price) VALUES (167, 35, 3, 2, 666.00, 1332.00);
INSERT INTO order_item (order_item_id, order_id, product_id, quantity, unit_price, total_price) VALUES (168, 36, 18, 3, 566.00, 1698.00);
INSERT INTO order_item (order_item_id, order_id, product_id, quantity, unit_price, total_price) VALUES (169, 37, 18, 2, 207.00, 414.00);
INSERT INTO order_item (order_item_id, order_id, product_id, quantity, unit_price, total_price) VALUES (170, 37, 8, 2, 832.00, 1664.00);
INSERT INTO order_item (order_item_id, order_id, product_id, quantity, unit_price, total_price) VALUES (171, 37, 19, 1, 1781.00, 1781.00);
INSERT INTO order_item (order_item_id, order_id, product_id, quantity, unit_price, total_price) VALUES (172, 37, 1, 1, 387.00, 387.00);
INSERT INTO order_item (order_item_id, order_id, product_id, quantity, unit_price, total_price) VALUES (173, 37, 15, 2, 1525.00, 3050.00);
INSERT INTO order_item (order_item_id, order_id, product_id, quantity, unit_price, total_price) VALUES (174, 38, 19, 3, 1824.00, 5472.00);
INSERT INTO order_item (order_item_id, order_id, product_id, quantity, unit_price, total_price) VALUES (175, 38, 5, 1, 982.00, 982.00);
INSERT INTO order_item (order_item_id, order_id, product_id, quantity, unit_price, total_price) VALUES (176, 38, 4, 1, 837.00, 837.00);
INSERT INTO order_item (order_item_id, order_id, product_id, quantity, unit_price, total_price) VALUES (177, 38, 6, 1, 1049.00, 1049.00);
INSERT INTO order_item (order_item_id, order_id, product_id, quantity, unit_price, total_price) VALUES (178, 38, 14, 1, 708.00, 708.00);
INSERT INTO order_item (order_item_id, order_id, product_id, quantity, unit_price, total_price) VALUES (179, 39, 7, 1, 1509.00, 1509.00);
INSERT INTO order_item (order_item_id, order_id, product_id, quantity, unit_price, total_price) VALUES (180, 39, 8, 1, 626.00, 626.00);
INSERT INTO order_item (order_item_id, order_id, product_id, quantity, unit_price, total_price) VALUES (181, 39, 19, 1, 1507.00, 1507.00);
INSERT INTO order_item (order_item_id, order_id, product_id, quantity, unit_price, total_price) VALUES (182, 39, 9, 1, 564.00, 564.00);
INSERT INTO order_item (order_item_id, order_id, product_id, quantity, unit_price, total_price) VALUES (183, 39, 14, 3, 563.00, 1689.00);
INSERT INTO order_item (order_item_id, order_id, product_id, quantity, unit_price, total_price) VALUES (184, 39, 3, 1, 859.00, 859.00);
INSERT INTO order_item (order_item_id, order_id, product_id, quantity, unit_price, total_price) VALUES (185, 39, 12, 3, 856.00, 2568.00);
INSERT INTO order_item (order_item_id, order_id, product_id, quantity, unit_price, total_price) VALUES (186, 39, 17, 3, 272.00, 816.00);
INSERT INTO order_item (order_item_id, order_id, product_id, quantity, unit_price, total_price) VALUES (187, 40, 12, 1, 874.00, 874.00);
INSERT INTO order_item (order_item_id, order_id, product_id, quantity, unit_price, total_price) VALUES (188, 40, 8, 2, 968.00, 1936.00);
INSERT INTO order_item (order_item_id, order_id, product_id, quantity, unit_price, total_price) VALUES (189, 40, 15, 1, 137.00, 137.00);
INSERT INTO order_item (order_item_id, order_id, product_id, quantity, unit_price, total_price) VALUES (190, 40, 11, 2, 1943.00, 3886.00);
INSERT INTO order_item (order_item_id, order_id, product_id, quantity, unit_price, total_price) VALUES (191, 40, 17, 3, 1410.00, 4230.00);
INSERT INTO order_item (order_item_id, order_id, product_id, quantity, unit_price, total_price) VALUES (192, 40, 16, 2, 1031.00, 2062.00);
INSERT INTO order_item (order_item_id, order_id, product_id, quantity, unit_price, total_price) VALUES (193, 40, 20, 2, 1552.00, 3104.00);
INSERT INTO order_item (order_item_id, order_id, product_id, quantity, unit_price, total_price) VALUES (194, 41, 18, 2, 113.00, 226.00);
INSERT INTO order_item (order_item_id, order_id, product_id, quantity, unit_price, total_price) VALUES (195, 41, 5, 2, 1612.00, 3224.00);
INSERT INTO order_item (order_item_id, order_id, product_id, quantity, unit_price, total_price) VALUES (196, 42, 7, 1, 1125.00, 1125.00);
INSERT INTO order_item (order_item_id, order_id, product_id, quantity, unit_price, total_price) VALUES (197, 42, 10, 3, 874.00, 2622.00);
INSERT INTO order_item (order_item_id, order_id, product_id, quantity, unit_price, total_price) VALUES (198, 42, 6, 3, 457.00, 1371.00);
INSERT INTO order_item (order_item_id, order_id, product_id, quantity, unit_price, total_price) VALUES (199, 42, 2, 1, 536.00, 536.00);
INSERT INTO order_item (order_item_id, order_id, product_id, quantity, unit_price, total_price) VALUES (200, 42, 9, 1, 214.00, 214.00);
INSERT INTO order_item (order_item_id, order_id, product_id, quantity, unit_price, total_price) VALUES (201, 42, 4, 2, 926.00, 1852.00);
INSERT INTO order_item (order_item_id, order_id, product_id, quantity, unit_price, total_price) VALUES (202, 43, 8, 3, 1192.00, 3576.00);
INSERT INTO order_item (order_item_id, order_id, product_id, quantity, unit_price, total_price) VALUES (203, 43, 13, 1, 328.00, 328.00);
INSERT INTO order_item (order_item_id, order_id, product_id, quantity, unit_price, total_price) VALUES (204, 43, 1, 2, 1031.00, 2062.00);
INSERT INTO order_item (order_item_id, order_id, product_id, quantity, unit_price, total_price) VALUES (205, 43, 3, 2, 1914.00, 3828.00);
INSERT INTO order_item (order_item_id, order_id, product_id, quantity, unit_price, total_price) VALUES (206, 43, 11, 1, 443.00, 443.00);
INSERT INTO order_item (order_item_id, order_id, product_id, quantity, unit_price, total_price) VALUES (207, 44, 11, 3, 883.00, 2649.00);
INSERT INTO order_item (order_item_id, order_id, product_id, quantity, unit_price, total_price) VALUES (208, 44, 19, 3, 904.00, 2712.00);
INSERT INTO order_item (order_item_id, order_id, product_id, quantity, unit_price, total_price) VALUES (209, 44, 1, 3, 1789.00, 5367.00);
INSERT INTO order_item (order_item_id, order_id, product_id, quantity, unit_price, total_price) VALUES (210, 44, 6, 2, 1828.00, 3656.00);
INSERT INTO order_item (order_item_id, order_id, product_id, quantity, unit_price, total_price) VALUES (211, 45, 4, 2, 333.00, 666.00);
INSERT INTO order_item (order_item_id, order_id, product_id, quantity, unit_price, total_price) VALUES (212, 45, 13, 2, 1855.00, 3710.00);
INSERT INTO order_item (order_item_id, order_id, product_id, quantity, unit_price, total_price) VALUES (213, 45, 17, 1, 465.00, 465.00);
INSERT INTO order_item (order_item_id, order_id, product_id, quantity, unit_price, total_price) VALUES (214, 45, 20, 3, 189.00, 567.00);
INSERT INTO order_item (order_item_id, order_id, product_id, quantity, unit_price, total_price) VALUES (215, 46, 4, 2, 618.00, 1236.00);
INSERT INTO order_item (order_item_id, order_id, product_id, quantity, unit_price, total_price) VALUES (216, 46, 9, 3, 667.00, 2001.00);
INSERT INTO order_item (order_item_id, order_id, product_id, quantity, unit_price, total_price) VALUES (217, 46, 10, 3, 395.00, 1185.00);
INSERT INTO order_item (order_item_id, order_id, product_id, quantity, unit_price, total_price) VALUES (218, 46, 16, 3, 1057.00, 3171.00);
INSERT INTO order_item (order_item_id, order_id, product_id, quantity, unit_price, total_price) VALUES (219, 46, 6, 2, 317.00, 634.00);
INSERT INTO order_item (order_item_id, order_id, product_id, quantity, unit_price, total_price) VALUES (220, 46, 11, 1, 1836.00, 1836.00);
INSERT INTO order_item (order_item_id, order_id, product_id, quantity, unit_price, total_price) VALUES (221, 46, 2, 3, 1568.00, 4704.00);
INSERT INTO order_item (order_item_id, order_id, product_id, quantity, unit_price, total_price) VALUES (222, 46, 14, 1, 921.00, 921.00);
INSERT INTO order_item (order_item_id, order_id, product_id, quantity, unit_price, total_price) VALUES (223, 46, 7, 2, 208.00, 416.00);
INSERT INTO order_item (order_item_id, order_id, product_id, quantity, unit_price, total_price) VALUES (224, 47, 19, 2, 695.00, 1390.00);
INSERT INTO order_item (order_item_id, order_id, product_id, quantity, unit_price, total_price) VALUES (225, 47, 9, 3, 1018.00, 3054.00);
INSERT INTO order_item (order_item_id, order_id, product_id, quantity, unit_price, total_price) VALUES (226, 47, 16, 1, 355.00, 355.00);
INSERT INTO order_item (order_item_id, order_id, product_id, quantity, unit_price, total_price) VALUES (227, 47, 6, 2, 892.00, 1784.00);
INSERT INTO order_item (order_item_id, order_id, product_id, quantity, unit_price, total_price) VALUES (228, 47, 1, 1, 1322.00, 1322.00);
INSERT INTO order_item (order_item_id, order_id, product_id, quantity, unit_price, total_price) VALUES (229, 47, 14, 2, 385.00, 770.00);
INSERT INTO order_item (order_item_id, order_id, product_id, quantity, unit_price, total_price) VALUES (230, 47, 12, 1, 1213.00, 1213.00);
INSERT INTO order_item (order_item_id, order_id, product_id, quantity, unit_price, total_price) VALUES (231, 47, 13, 2, 1059.00, 2118.00);
INSERT INTO order_item (order_item_id, order_id, product_id, quantity, unit_price, total_price) VALUES (232, 47, 3, 2, 617.00, 1234.00);
INSERT INTO order_item (order_item_id, order_id, product_id, quantity, unit_price, total_price) VALUES (233, 48, 18, 2, 112.00, 224.00);
INSERT INTO order_item (order_item_id, order_id, product_id, quantity, unit_price, total_price) VALUES (234, 48, 13, 2, 2000.00, 4000.00);
INSERT INTO order_item (order_item_id, order_id, product_id, quantity, unit_price, total_price) VALUES (235, 48, 5, 3, 1588.00, 4764.00);
INSERT INTO order_item (order_item_id, order_id, product_id, quantity, unit_price, total_price) VALUES (236, 48, 6, 2, 1238.00, 2476.00);
INSERT INTO order_item (order_item_id, order_id, product_id, quantity, unit_price, total_price) VALUES (237, 48, 9, 1, 1774.00, 1774.00);
INSERT INTO order_item (order_item_id, order_id, product_id, quantity, unit_price, total_price) VALUES (238, 48, 14, 2, 961.00, 1922.00);
INSERT INTO order_item (order_item_id, order_id, product_id, quantity, unit_price, total_price) VALUES (239, 48, 2, 1, 1671.00, 1671.00);
INSERT INTO order_item (order_item_id, order_id, product_id, quantity, unit_price, total_price) VALUES (240, 48, 16, 2, 123.00, 246.00);
INSERT INTO order_item (order_item_id, order_id, product_id, quantity, unit_price, total_price) VALUES (241, 49, 13, 2, 1124.00, 2248.00);
INSERT INTO order_item (order_item_id, order_id, product_id, quantity, unit_price, total_price) VALUES (242, 49, 14, 1, 508.00, 508.00);
INSERT INTO order_item (order_item_id, order_id, product_id, quantity, unit_price, total_price) VALUES (243, 49, 7, 1, 697.00, 697.00);
INSERT INTO order_item (order_item_id, order_id, product_id, quantity, unit_price, total_price) VALUES (244, 49, 1, 1, 1188.00, 1188.00);
INSERT INTO order_item (order_item_id, order_id, product_id, quantity, unit_price, total_price) VALUES (245, 49, 18, 1, 1783.00, 1783.00);
INSERT INTO order_item (order_item_id, order_id, product_id, quantity, unit_price, total_price) VALUES (246, 49, 16, 3, 685.00, 2055.00);
INSERT INTO order_item (order_item_id, order_id, product_id, quantity, unit_price, total_price) VALUES (247, 49, 20, 2, 498.00, 996.00);
INSERT INTO order_item (order_item_id, order_id, product_id, quantity, unit_price, total_price) VALUES (248, 50, 3, 3, 1494.00, 4482.00);
INSERT INTO order_item (order_item_id, order_id, product_id, quantity, unit_price, total_price) VALUES (249, 50, 8, 3, 290.00, 870.00);
INSERT INTO order_item (order_item_id, order_id, product_id, quantity, unit_price, total_price) VALUES (250, 50, 11, 2, 1708.00, 3416.00);
INSERT INTO order_item (order_item_id, order_id, product_id, quantity, unit_price, total_price) VALUES (251, 51, 15, 3, 236.00, 708.00);
INSERT INTO order_item (order_item_id, order_id, product_id, quantity, unit_price, total_price) VALUES (252, 51, 4, 1, 727.00, 727.00);
INSERT INTO order_item (order_item_id, order_id, product_id, quantity, unit_price, total_price) VALUES (253, 51, 19, 2, 1027.00, 2054.00);
INSERT INTO order_item (order_item_id, order_id, product_id, quantity, unit_price, total_price) VALUES (254, 52, 13, 2, 1376.00, 2752.00);
INSERT INTO order_item (order_item_id, order_id, product_id, quantity, unit_price, total_price) VALUES (255, 52, 20, 1, 753.00, 753.00);
INSERT INTO order_item (order_item_id, order_id, product_id, quantity, unit_price, total_price) VALUES (256, 52, 16, 1, 936.00, 936.00);
INSERT INTO order_item (order_item_id, order_id, product_id, quantity, unit_price, total_price) VALUES (257, 52, 3, 2, 1697.00, 3394.00);
INSERT INTO order_item (order_item_id, order_id, product_id, quantity, unit_price, total_price) VALUES (258, 52, 17, 2, 1477.00, 2954.00);
INSERT INTO order_item (order_item_id, order_id, product_id, quantity, unit_price, total_price) VALUES (259, 52, 11, 3, 861.00, 2583.00);
INSERT INTO order_item (order_item_id, order_id, product_id, quantity, unit_price, total_price) VALUES (260, 53, 12, 2, 1873.00, 3746.00);
INSERT INTO order_item (order_item_id, order_id, product_id, quantity, unit_price, total_price) VALUES (261, 54, 19, 1, 428.00, 428.00);
INSERT INTO order_item (order_item_id, order_id, product_id, quantity, unit_price, total_price) VALUES (262, 54, 6, 2, 1868.00, 3736.00);
INSERT INTO order_item (order_item_id, order_id, product_id, quantity, unit_price, total_price) VALUES (263, 54, 11, 3, 1341.00, 4023.00);
INSERT INTO order_item (order_item_id, order_id, product_id, quantity, unit_price, total_price) VALUES (264, 54, 16, 2, 1806.00, 3612.00);
INSERT INTO order_item (order_item_id, order_id, product_id, quantity, unit_price, total_price) VALUES (265, 54, 14, 3, 1319.00, 3957.00);
INSERT INTO order_item (order_item_id, order_id, product_id, quantity, unit_price, total_price) VALUES (266, 55, 15, 2, 991.00, 1982.00);
INSERT INTO order_item (order_item_id, order_id, product_id, quantity, unit_price, total_price) VALUES (267, 55, 19, 2, 1273.00, 2546.00);
INSERT INTO order_item (order_item_id, order_id, product_id, quantity, unit_price, total_price) VALUES (268, 55, 14, 3, 466.00, 1398.00);
INSERT INTO order_item (order_item_id, order_id, product_id, quantity, unit_price, total_price) VALUES (269, 56, 14, 2, 376.00, 752.00);
INSERT INTO order_item (order_item_id, order_id, product_id, quantity, unit_price, total_price) VALUES (270, 56, 6, 2, 1782.00, 3564.00);
INSERT INTO order_item (order_item_id, order_id, product_id, quantity, unit_price, total_price) VALUES (271, 57, 19, 1, 1782.00, 1782.00);
INSERT INTO order_item (order_item_id, order_id, product_id, quantity, unit_price, total_price) VALUES (272, 57, 14, 2, 1372.00, 2744.00);
INSERT INTO order_item (order_item_id, order_id, product_id, quantity, unit_price, total_price) VALUES (273, 57, 9, 1, 1848.00, 1848.00);
INSERT INTO order_item (order_item_id, order_id, product_id, quantity, unit_price, total_price) VALUES (274, 57, 4, 1, 643.00, 643.00);
INSERT INTO order_item (order_item_id, order_id, product_id, quantity, unit_price, total_price) VALUES (275, 57, 7, 1, 467.00, 467.00);
INSERT INTO order_item (order_item_id, order_id, product_id, quantity, unit_price, total_price) VALUES (276, 57, 17, 3, 790.00, 2370.00);
INSERT INTO order_item (order_item_id, order_id, product_id, quantity, unit_price, total_price) VALUES (277, 57, 2, 2, 1104.00, 2208.00);
INSERT INTO order_item (order_item_id, order_id, product_id, quantity, unit_price, total_price) VALUES (278, 57, 12, 3, 1002.00, 3006.00);
INSERT INTO order_item (order_item_id, order_id, product_id, quantity, unit_price, total_price) VALUES (279, 57, 20, 1, 881.00, 881.00);
INSERT INTO order_item (order_item_id, order_id, product_id, quantity, unit_price, total_price) VALUES (280, 58, 7, 1, 134.00, 134.00);
INSERT INTO order_item (order_item_id, order_id, product_id, quantity, unit_price, total_price) VALUES (281, 58, 4, 3, 155.00, 465.00);
INSERT INTO order_item (order_item_id, order_id, product_id, quantity, unit_price, total_price) VALUES (282, 58, 18, 3, 361.00, 1083.00);
INSERT INTO order_item (order_item_id, order_id, product_id, quantity, unit_price, total_price) VALUES (283, 59, 11, 2, 1717.00, 3434.00);
INSERT INTO order_item (order_item_id, order_id, product_id, quantity, unit_price, total_price) VALUES (284, 59, 13, 3, 503.00, 1509.00);
INSERT INTO order_item (order_item_id, order_id, product_id, quantity, unit_price, total_price) VALUES (285, 59, 10, 2, 1686.00, 3372.00);
INSERT INTO order_item (order_item_id, order_id, product_id, quantity, unit_price, total_price) VALUES (286, 59, 6, 3, 1292.00, 3876.00);
INSERT INTO order_item (order_item_id, order_id, product_id, quantity, unit_price, total_price) VALUES (287, 60, 11, 3, 968.00, 2904.00);
INSERT INTO order_item (order_item_id, order_id, product_id, quantity, unit_price, total_price) VALUES (288, 60, 17, 2, 1866.00, 3732.00);
INSERT INTO order_item (order_item_id, order_id, product_id, quantity, unit_price, total_price) VALUES (289, 60, 18, 1, 183.00, 183.00);
INSERT INTO order_item (order_item_id, order_id, product_id, quantity, unit_price, total_price) VALUES (290, 60, 16, 3, 1322.00, 3966.00);
INSERT INTO order_item (order_item_id, order_id, product_id, quantity, unit_price, total_price) VALUES (291, 60, 9, 2, 1015.00, 2030.00);
INSERT INTO order_item (order_item_id, order_id, product_id, quantity, unit_price, total_price) VALUES (292, 60, 15, 3, 679.00, 2037.00);
INSERT INTO order_item (order_item_id, order_id, product_id, quantity, unit_price, total_price) VALUES (293, 60, 7, 2, 875.00, 1750.00);
INSERT INTO order_item (order_item_id, order_id, product_id, quantity, unit_price, total_price) VALUES (294, 60, 4, 2, 1586.00, 3172.00);
INSERT INTO order_item (order_item_id, order_id, product_id, quantity, unit_price, total_price) VALUES (295, 60, 19, 1, 1870.00, 1870.00);
INSERT INTO order_item (order_item_id, order_id, product_id, quantity, unit_price, total_price) VALUES (296, 60, 20, 1, 750.00, 750.00);
INSERT INTO order_item (order_item_id, order_id, product_id, quantity, unit_price, total_price) VALUES (297, 61, 5, 2, 1720.00, 3440.00);
INSERT INTO order_item (order_item_id, order_id, product_id, quantity, unit_price, total_price) VALUES (298, 61, 6, 2, 749.00, 1498.00);
INSERT INTO order_item (order_item_id, order_id, product_id, quantity, unit_price, total_price) VALUES (299, 61, 13, 1, 401.00, 401.00);
INSERT INTO order_item (order_item_id, order_id, product_id, quantity, unit_price, total_price) VALUES (300, 61, 8, 2, 738.00, 1476.00);
INSERT INTO order_item (order_item_id, order_id, product_id, quantity, unit_price, total_price) VALUES (301, 62, 14, 1, 1794.00, 1794.00);
INSERT INTO order_item (order_item_id, order_id, product_id, quantity, unit_price, total_price) VALUES (302, 62, 13, 2, 620.00, 1240.00);
INSERT INTO order_item (order_item_id, order_id, product_id, quantity, unit_price, total_price) VALUES (303, 62, 8, 1, 1397.00, 1397.00);
INSERT INTO order_item (order_item_id, order_id, product_id, quantity, unit_price, total_price) VALUES (304, 62, 17, 2, 345.00, 690.00);
INSERT INTO order_item (order_item_id, order_id, product_id, quantity, unit_price, total_price) VALUES (305, 62, 5, 2, 557.00, 1114.00);
INSERT INTO order_item (order_item_id, order_id, product_id, quantity, unit_price, total_price) VALUES (306, 62, 15, 1, 317.00, 317.00);
INSERT INTO order_item (order_item_id, order_id, product_id, quantity, unit_price, total_price) VALUES (307, 62, 18, 3, 1968.00, 5904.00);
INSERT INTO order_item (order_item_id, order_id, product_id, quantity, unit_price, total_price) VALUES (308, 63, 16, 2, 1687.00, 3374.00);
INSERT INTO order_item (order_item_id, order_id, product_id, quantity, unit_price, total_price) VALUES (309, 63, 9, 2, 1611.00, 3222.00);
INSERT INTO order_item (order_item_id, order_id, product_id, quantity, unit_price, total_price) VALUES (310, 63, 11, 1, 1717.00, 1717.00);
INSERT INTO order_item (order_item_id, order_id, product_id, quantity, unit_price, total_price) VALUES (311, 63, 4, 2, 403.00, 806.00);
INSERT INTO order_item (order_item_id, order_id, product_id, quantity, unit_price, total_price) VALUES (312, 63, 19, 2, 1905.00, 3810.00);
INSERT INTO order_item (order_item_id, order_id, product_id, quantity, unit_price, total_price) VALUES (313, 63, 3, 1, 559.00, 559.00);
INSERT INTO order_item (order_item_id, order_id, product_id, quantity, unit_price, total_price) VALUES (314, 64, 16, 2, 1501.00, 3002.00);
INSERT INTO order_item (order_item_id, order_id, product_id, quantity, unit_price, total_price) VALUES (315, 64, 9, 1, 203.00, 203.00);
INSERT INTO order_item (order_item_id, order_id, product_id, quantity, unit_price, total_price) VALUES (316, 64, 20, 3, 901.00, 2703.00);
INSERT INTO order_item (order_item_id, order_id, product_id, quantity, unit_price, total_price) VALUES (317, 64, 1, 1, 1938.00, 1938.00);
INSERT INTO order_item (order_item_id, order_id, product_id, quantity, unit_price, total_price) VALUES (318, 64, 17, 2, 1060.00, 2120.00);
INSERT INTO order_item (order_item_id, order_id, product_id, quantity, unit_price, total_price) VALUES (319, 64, 2, 2, 563.00, 1126.00);
INSERT INTO order_item (order_item_id, order_id, product_id, quantity, unit_price, total_price) VALUES (320, 64, 8, 3, 347.00, 1041.00);
INSERT INTO order_item (order_item_id, order_id, product_id, quantity, unit_price, total_price) VALUES (321, 64, 12, 3, 1046.00, 3138.00);
INSERT INTO order_item (order_item_id, order_id, product_id, quantity, unit_price, total_price) VALUES (322, 65, 20, 3, 1765.00, 5295.00);
INSERT INTO order_item (order_item_id, order_id, product_id, quantity, unit_price, total_price) VALUES (323, 65, 3, 2, 1945.00, 3890.00);
INSERT INTO order_item (order_item_id, order_id, product_id, quantity, unit_price, total_price) VALUES (324, 66, 12, 2, 339.00, 678.00);
INSERT INTO order_item (order_item_id, order_id, product_id, quantity, unit_price, total_price) VALUES (325, 66, 17, 1, 855.00, 855.00);
INSERT INTO order_item (order_item_id, order_id, product_id, quantity, unit_price, total_price) VALUES (326, 66, 9, 2, 625.00, 1250.00);
INSERT INTO order_item (order_item_id, order_id, product_id, quantity, unit_price, total_price) VALUES (327, 66, 2, 1, 1826.00, 1826.00);
INSERT INTO order_item (order_item_id, order_id, product_id, quantity, unit_price, total_price) VALUES (328, 66, 15, 3, 732.00, 2196.00);
INSERT INTO order_item (order_item_id, order_id, product_id, quantity, unit_price, total_price) VALUES (329, 66, 10, 2, 386.00, 772.00);
INSERT INTO order_item (order_item_id, order_id, product_id, quantity, unit_price, total_price) VALUES (330, 67, 4, 2, 1962.00, 3924.00);
INSERT INTO order_item (order_item_id, order_id, product_id, quantity, unit_price, total_price) VALUES (331, 67, 17, 1, 1011.00, 1011.00);
INSERT INTO order_item (order_item_id, order_id, product_id, quantity, unit_price, total_price) VALUES (332, 68, 14, 3, 1479.00, 4437.00);
INSERT INTO order_item (order_item_id, order_id, product_id, quantity, unit_price, total_price) VALUES (333, 68, 6, 1, 418.00, 418.00);
INSERT INTO order_item (order_item_id, order_id, product_id, quantity, unit_price, total_price) VALUES (334, 68, 5, 1, 668.00, 668.00);
INSERT INTO order_item (order_item_id, order_id, product_id, quantity, unit_price, total_price) VALUES (335, 68, 20, 2, 1510.00, 3020.00);
INSERT INTO order_item (order_item_id, order_id, product_id, quantity, unit_price, total_price) VALUES (336, 68, 12, 1, 1476.00, 1476.00);
INSERT INTO order_item (order_item_id, order_id, product_id, quantity, unit_price, total_price) VALUES (337, 68, 3, 1, 1616.00, 1616.00);
INSERT INTO order_item (order_item_id, order_id, product_id, quantity, unit_price, total_price) VALUES (338, 68, 9, 3, 1108.00, 3324.00);
INSERT INTO order_item (order_item_id, order_id, product_id, quantity, unit_price, total_price) VALUES (339, 68, 16, 3, 370.00, 1110.00);
INSERT INTO order_item (order_item_id, order_id, product_id, quantity, unit_price, total_price) VALUES (340, 68, 8, 2, 754.00, 1508.00);
INSERT INTO order_item (order_item_id, order_id, product_id, quantity, unit_price, total_price) VALUES (341, 68, 2, 3, 921.00, 2763.00);
INSERT INTO order_item (order_item_id, order_id, product_id, quantity, unit_price, total_price) VALUES (342, 69, 15, 1, 478.00, 478.00);
INSERT INTO order_item (order_item_id, order_id, product_id, quantity, unit_price, total_price) VALUES (343, 69, 2, 3, 1280.00, 3840.00);
INSERT INTO order_item (order_item_id, order_id, product_id, quantity, unit_price, total_price) VALUES (344, 70, 5, 2, 1568.00, 3136.00);
INSERT INTO order_item (order_item_id, order_id, product_id, quantity, unit_price, total_price) VALUES (345, 70, 8, 2, 1155.00, 2310.00);
INSERT INTO order_item (order_item_id, order_id, product_id, quantity, unit_price, total_price) VALUES (346, 70, 3, 3, 1716.00, 5148.00);
INSERT INTO order_item (order_item_id, order_id, product_id, quantity, unit_price, total_price) VALUES (347, 71, 10, 1, 1167.00, 1167.00);
INSERT INTO order_item (order_item_id, order_id, product_id, quantity, unit_price, total_price) VALUES (348, 71, 16, 1, 959.00, 959.00);
INSERT INTO order_item (order_item_id, order_id, product_id, quantity, unit_price, total_price) VALUES (349, 71, 9, 2, 904.00, 1808.00);
INSERT INTO order_item (order_item_id, order_id, product_id, quantity, unit_price, total_price) VALUES (350, 71, 19, 2, 1643.00, 3286.00);
INSERT INTO order_item (order_item_id, order_id, product_id, quantity, unit_price, total_price) VALUES (351, 72, 3, 3, 1594.00, 4782.00);
INSERT INTO order_item (order_item_id, order_id, product_id, quantity, unit_price, total_price) VALUES (352, 72, 10, 2, 823.00, 1646.00);
INSERT INTO order_item (order_item_id, order_id, product_id, quantity, unit_price, total_price) VALUES (353, 73, 6, 3, 1922.00, 5766.00);
INSERT INTO order_item (order_item_id, order_id, product_id, quantity, unit_price, total_price) VALUES (354, 73, 8, 3, 1880.00, 5640.00);
INSERT INTO order_item (order_item_id, order_id, product_id, quantity, unit_price, total_price) VALUES (355, 73, 4, 1, 1895.00, 1895.00);
INSERT INTO order_item (order_item_id, order_id, product_id, quantity, unit_price, total_price) VALUES (356, 73, 3, 1, 1918.00, 1918.00);
INSERT INTO order_item (order_item_id, order_id, product_id, quantity, unit_price, total_price) VALUES (357, 74, 11, 2, 629.00, 1258.00);
INSERT INTO order_item (order_item_id, order_id, product_id, quantity, unit_price, total_price) VALUES (358, 74, 7, 1, 129.00, 129.00);
INSERT INTO order_item (order_item_id, order_id, product_id, quantity, unit_price, total_price) VALUES (359, 74, 10, 1, 1682.00, 1682.00);
INSERT INTO order_item (order_item_id, order_id, product_id, quantity, unit_price, total_price) VALUES (360, 74, 3, 3, 1483.00, 4449.00);
INSERT INTO order_item (order_item_id, order_id, product_id, quantity, unit_price, total_price) VALUES (361, 74, 2, 3, 1903.00, 5709.00);
INSERT INTO order_item (order_item_id, order_id, product_id, quantity, unit_price, total_price) VALUES (362, 74, 15, 1, 1026.00, 1026.00);
INSERT INTO order_item (order_item_id, order_id, product_id, quantity, unit_price, total_price) VALUES (363, 74, 14, 1, 421.00, 421.00);
INSERT INTO order_item (order_item_id, order_id, product_id, quantity, unit_price, total_price) VALUES (364, 75, 8, 2, 578.00, 1156.00);
INSERT INTO order_item (order_item_id, order_id, product_id, quantity, unit_price, total_price) VALUES (365, 75, 20, 3, 1664.00, 4992.00);
INSERT INTO order_item (order_item_id, order_id, product_id, quantity, unit_price, total_price) VALUES (366, 75, 5, 2, 1014.00, 2028.00);
INSERT INTO order_item (order_item_id, order_id, product_id, quantity, unit_price, total_price) VALUES (367, 75, 16, 3, 963.00, 2889.00);
INSERT INTO order_item (order_item_id, order_id, product_id, quantity, unit_price, total_price) VALUES (368, 75, 11, 1, 1925.00, 1925.00);
INSERT INTO order_item (order_item_id, order_id, product_id, quantity, unit_price, total_price) VALUES (369, 76, 4, 2, 710.00, 1420.00);
INSERT INTO order_item (order_item_id, order_id, product_id, quantity, unit_price, total_price) VALUES (370, 76, 9, 1, 1209.00, 1209.00);
INSERT INTO order_item (order_item_id, order_id, product_id, quantity, unit_price, total_price) VALUES (371, 76, 15, 1, 996.00, 996.00);
INSERT INTO order_item (order_item_id, order_id, product_id, quantity, unit_price, total_price) VALUES (372, 76, 16, 2, 927.00, 1854.00);
INSERT INTO order_item (order_item_id, order_id, product_id, quantity, unit_price, total_price) VALUES (373, 76, 11, 3, 1303.00, 3909.00);
INSERT INTO order_item (order_item_id, order_id, product_id, quantity, unit_price, total_price) VALUES (374, 76, 20, 3, 1497.00, 4491.00);
INSERT INTO order_item (order_item_id, order_id, product_id, quantity, unit_price, total_price) VALUES (375, 77, 9, 3, 171.00, 513.00);
INSERT INTO order_item (order_item_id, order_id, product_id, quantity, unit_price, total_price) VALUES (376, 77, 18, 3, 1219.00, 3657.00);
INSERT INTO order_item (order_item_id, order_id, product_id, quantity, unit_price, total_price) VALUES (377, 77, 16, 1, 815.00, 815.00);
INSERT INTO order_item (order_item_id, order_id, product_id, quantity, unit_price, total_price) VALUES (378, 77, 1, 1, 1126.00, 1126.00);
INSERT INTO order_item (order_item_id, order_id, product_id, quantity, unit_price, total_price) VALUES (379, 77, 13, 3, 614.00, 1842.00);
INSERT INTO order_item (order_item_id, order_id, product_id, quantity, unit_price, total_price) VALUES (380, 77, 6, 3, 1053.00, 3159.00);
INSERT INTO order_item (order_item_id, order_id, product_id, quantity, unit_price, total_price) VALUES (381, 77, 8, 3, 1365.00, 4095.00);
INSERT INTO order_item (order_item_id, order_id, product_id, quantity, unit_price, total_price) VALUES (382, 77, 19, 2, 1208.00, 2416.00);
INSERT INTO order_item (order_item_id, order_id, product_id, quantity, unit_price, total_price) VALUES (383, 78, 6, 1, 1751.00, 1751.00);
INSERT INTO order_item (order_item_id, order_id, product_id, quantity, unit_price, total_price) VALUES (384, 78, 10, 2, 577.00, 1154.00);
INSERT INTO order_item (order_item_id, order_id, product_id, quantity, unit_price, total_price) VALUES (385, 78, 2, 2, 158.00, 316.00);
INSERT INTO order_item (order_item_id, order_id, product_id, quantity, unit_price, total_price) VALUES (386, 78, 3, 3, 145.00, 435.00);
INSERT INTO order_item (order_item_id, order_id, product_id, quantity, unit_price, total_price) VALUES (387, 78, 11, 1, 508.00, 508.00);
INSERT INTO order_item (order_item_id, order_id, product_id, quantity, unit_price, total_price) VALUES (388, 79, 2, 1, 1695.00, 1695.00);
INSERT INTO order_item (order_item_id, order_id, product_id, quantity, unit_price, total_price) VALUES (389, 79, 10, 2, 444.00, 888.00);
INSERT INTO order_item (order_item_id, order_id, product_id, quantity, unit_price, total_price) VALUES (390, 79, 3, 3, 706.00, 2118.00);
INSERT INTO order_item (order_item_id, order_id, product_id, quantity, unit_price, total_price) VALUES (391, 79, 4, 3, 1393.00, 4179.00);
INSERT INTO order_item (order_item_id, order_id, product_id, quantity, unit_price, total_price) VALUES (392, 79, 1, 1, 140.00, 140.00);
INSERT INTO order_item (order_item_id, order_id, product_id, quantity, unit_price, total_price) VALUES (393, 79, 6, 3, 1432.00, 4296.00);
INSERT INTO order_item (order_item_id, order_id, product_id, quantity, unit_price, total_price) VALUES (394, 79, 11, 3, 348.00, 1044.00);
INSERT INTO order_item (order_item_id, order_id, product_id, quantity, unit_price, total_price) VALUES (395, 79, 9, 1, 332.00, 332.00);
INSERT INTO order_item (order_item_id, order_id, product_id, quantity, unit_price, total_price) VALUES (396, 80, 10, 1, 331.00, 331.00);
INSERT INTO order_item (order_item_id, order_id, product_id, quantity, unit_price, total_price) VALUES (397, 80, 1, 2, 1136.00, 2272.00);
INSERT INTO order_item (order_item_id, order_id, product_id, quantity, unit_price, total_price) VALUES (398, 80, 7, 2, 833.00, 1666.00);
INSERT INTO order_item (order_item_id, order_id, product_id, quantity, unit_price, total_price) VALUES (399, 80, 3, 2, 1290.00, 2580.00);
INSERT INTO order_item (order_item_id, order_id, product_id, quantity, unit_price, total_price) VALUES (400, 80, 15, 3, 369.00, 1107.00);
INSERT INTO order_item (order_item_id, order_id, product_id, quantity, unit_price, total_price) VALUES (401, 80, 9, 3, 170.00, 510.00);
INSERT INTO order_item (order_item_id, order_id, product_id, quantity, unit_price, total_price) VALUES (402, 81, 12, 2, 1970.00, 3940.00);
INSERT INTO order_item (order_item_id, order_id, product_id, quantity, unit_price, total_price) VALUES (403, 81, 16, 3, 640.00, 1920.00);
INSERT INTO order_item (order_item_id, order_id, product_id, quantity, unit_price, total_price) VALUES (404, 81, 9, 2, 150.00, 300.00);
INSERT INTO order_item (order_item_id, order_id, product_id, quantity, unit_price, total_price) VALUES (405, 81, 3, 1, 827.00, 827.00);
INSERT INTO order_item (order_item_id, order_id, product_id, quantity, unit_price, total_price) VALUES (406, 81, 17, 1, 1681.00, 1681.00);
INSERT INTO order_item (order_item_id, order_id, product_id, quantity, unit_price, total_price) VALUES (407, 81, 10, 2, 1615.00, 3230.00);
INSERT INTO order_item (order_item_id, order_id, product_id, quantity, unit_price, total_price) VALUES (408, 81, 14, 2, 1925.00, 3850.00);
INSERT INTO order_item (order_item_id, order_id, product_id, quantity, unit_price, total_price) VALUES (409, 81, 13, 2, 765.00, 1530.00);
INSERT INTO order_item (order_item_id, order_id, product_id, quantity, unit_price, total_price) VALUES (410, 81, 15, 1, 1179.00, 1179.00);
INSERT INTO order_item (order_item_id, order_id, product_id, quantity, unit_price, total_price) VALUES (411, 82, 14, 1, 1432.00, 1432.00);
INSERT INTO order_item (order_item_id, order_id, product_id, quantity, unit_price, total_price) VALUES (412, 82, 16, 2, 1567.00, 3134.00);
INSERT INTO order_item (order_item_id, order_id, product_id, quantity, unit_price, total_price) VALUES (413, 82, 5, 2, 782.00, 1564.00);
INSERT INTO order_item (order_item_id, order_id, product_id, quantity, unit_price, total_price) VALUES (414, 83, 8, 1, 1966.00, 1966.00);
INSERT INTO order_item (order_item_id, order_id, product_id, quantity, unit_price, total_price) VALUES (415, 83, 5, 2, 449.00, 898.00);
INSERT INTO order_item (order_item_id, order_id, product_id, quantity, unit_price, total_price) VALUES (416, 83, 9, 2, 353.00, 706.00);
INSERT INTO order_item (order_item_id, order_id, product_id, quantity, unit_price, total_price) VALUES (417, 84, 13, 1, 685.00, 685.00);
INSERT INTO order_item (order_item_id, order_id, product_id, quantity, unit_price, total_price) VALUES (418, 84, 11, 2, 1987.00, 3974.00);
INSERT INTO order_item (order_item_id, order_id, product_id, quantity, unit_price, total_price) VALUES (419, 84, 4, 2, 929.00, 1858.00);
INSERT INTO order_item (order_item_id, order_id, product_id, quantity, unit_price, total_price) VALUES (420, 84, 15, 3, 238.00, 714.00);
INSERT INTO order_item (order_item_id, order_id, product_id, quantity, unit_price, total_price) VALUES (421, 84, 10, 3, 135.00, 405.00);
INSERT INTO order_item (order_item_id, order_id, product_id, quantity, unit_price, total_price) VALUES (422, 84, 5, 2, 853.00, 1706.00);
INSERT INTO order_item (order_item_id, order_id, product_id, quantity, unit_price, total_price) VALUES (423, 84, 12, 1, 1642.00, 1642.00);
INSERT INTO order_item (order_item_id, order_id, product_id, quantity, unit_price, total_price) VALUES (424, 84, 1, 2, 1644.00, 3288.00);
INSERT INTO order_item (order_item_id, order_id, product_id, quantity, unit_price, total_price) VALUES (425, 84, 16, 3, 154.00, 462.00);
INSERT INTO order_item (order_item_id, order_id, product_id, quantity, unit_price, total_price) VALUES (426, 84, 2, 3, 1728.00, 5184.00);
INSERT INTO order_item (order_item_id, order_id, product_id, quantity, unit_price, total_price) VALUES (427, 85, 18, 3, 128.00, 384.00);
INSERT INTO order_item (order_item_id, order_id, product_id, quantity, unit_price, total_price) VALUES (428, 86, 10, 2, 1299.00, 2598.00);
INSERT INTO order_item (order_item_id, order_id, product_id, quantity, unit_price, total_price) VALUES (429, 86, 17, 3, 1467.00, 4401.00);
INSERT INTO order_item (order_item_id, order_id, product_id, quantity, unit_price, total_price) VALUES (430, 86, 4, 3, 1339.00, 4017.00);
INSERT INTO order_item (order_item_id, order_id, product_id, quantity, unit_price, total_price) VALUES (431, 86, 3, 2, 194.00, 388.00);
INSERT INTO order_item (order_item_id, order_id, product_id, quantity, unit_price, total_price) VALUES (432, 86, 6, 2, 195.00, 390.00);
INSERT INTO order_item (order_item_id, order_id, product_id, quantity, unit_price, total_price) VALUES (433, 86, 5, 1, 1090.00, 1090.00);
INSERT INTO order_item (order_item_id, order_id, product_id, quantity, unit_price, total_price) VALUES (434, 87, 20, 1, 1568.00, 1568.00);
INSERT INTO order_item (order_item_id, order_id, product_id, quantity, unit_price, total_price) VALUES (435, 87, 11, 1, 1238.00, 1238.00);
INSERT INTO order_item (order_item_id, order_id, product_id, quantity, unit_price, total_price) VALUES (436, 87, 10, 2, 1207.00, 2414.00);
INSERT INTO order_item (order_item_id, order_id, product_id, quantity, unit_price, total_price) VALUES (437, 88, 19, 3, 1827.00, 5481.00);
INSERT INTO order_item (order_item_id, order_id, product_id, quantity, unit_price, total_price) VALUES (438, 88, 17, 1, 1491.00, 1491.00);
INSERT INTO order_item (order_item_id, order_id, product_id, quantity, unit_price, total_price) VALUES (439, 88, 14, 3, 1316.00, 3948.00);
INSERT INTO order_item (order_item_id, order_id, product_id, quantity, unit_price, total_price) VALUES (440, 89, 2, 1, 746.00, 746.00);
INSERT INTO order_item (order_item_id, order_id, product_id, quantity, unit_price, total_price) VALUES (441, 90, 3, 2, 1048.00, 2096.00);
INSERT INTO order_item (order_item_id, order_id, product_id, quantity, unit_price, total_price) VALUES (442, 90, 1, 2, 1934.00, 3868.00);
INSERT INTO order_item (order_item_id, order_id, product_id, quantity, unit_price, total_price) VALUES (443, 90, 5, 2, 601.00, 1202.00);
INSERT INTO order_item (order_item_id, order_id, product_id, quantity, unit_price, total_price) VALUES (444, 90, 19, 3, 885.00, 2655.00);
INSERT INTO order_item (order_item_id, order_id, product_id, quantity, unit_price, total_price) VALUES (445, 90, 15, 2, 1687.00, 3374.00);
INSERT INTO order_item (order_item_id, order_id, product_id, quantity, unit_price, total_price) VALUES (446, 90, 13, 1, 545.00, 545.00);
INSERT INTO order_item (order_item_id, order_id, product_id, quantity, unit_price, total_price) VALUES (447, 91, 20, 2, 1178.00, 2356.00);
INSERT INTO order_item (order_item_id, order_id, product_id, quantity, unit_price, total_price) VALUES (448, 91, 17, 2, 824.00, 1648.00);
INSERT INTO order_item (order_item_id, order_id, product_id, quantity, unit_price, total_price) VALUES (449, 91, 7, 3, 1538.00, 4614.00);
INSERT INTO order_item (order_item_id, order_id, product_id, quantity, unit_price, total_price) VALUES (450, 91, 19, 1, 1774.00, 1774.00);
INSERT INTO order_item (order_item_id, order_id, product_id, quantity, unit_price, total_price) VALUES (451, 92, 13, 1, 913.00, 913.00);
INSERT INTO order_item (order_item_id, order_id, product_id, quantity, unit_price, total_price) VALUES (452, 92, 12, 3, 1039.00, 3117.00);
INSERT INTO order_item (order_item_id, order_id, product_id, quantity, unit_price, total_price) VALUES (453, 92, 16, 1, 425.00, 425.00);
INSERT INTO order_item (order_item_id, order_id, product_id, quantity, unit_price, total_price) VALUES (454, 92, 19, 3, 1774.00, 5322.00);
INSERT INTO order_item (order_item_id, order_id, product_id, quantity, unit_price, total_price) VALUES (455, 93, 7, 3, 103.00, 309.00);
INSERT INTO order_item (order_item_id, order_id, product_id, quantity, unit_price, total_price) VALUES (456, 93, 4, 3, 1636.00, 4908.00);
INSERT INTO order_item (order_item_id, order_id, product_id, quantity, unit_price, total_price) VALUES (457, 93, 18, 3, 887.00, 2661.00);
INSERT INTO order_item (order_item_id, order_id, product_id, quantity, unit_price, total_price) VALUES (458, 93, 19, 2, 1690.00, 3380.00);
INSERT INTO order_item (order_item_id, order_id, product_id, quantity, unit_price, total_price) VALUES (459, 93, 15, 2, 468.00, 936.00);
INSERT INTO order_item (order_item_id, order_id, product_id, quantity, unit_price, total_price) VALUES (460, 93, 2, 3, 734.00, 2202.00);
INSERT INTO order_item (order_item_id, order_id, product_id, quantity, unit_price, total_price) VALUES (461, 94, 14, 2, 1263.00, 2526.00);
INSERT INTO order_item (order_item_id, order_id, product_id, quantity, unit_price, total_price) VALUES (462, 94, 19, 1, 264.00, 264.00);
INSERT INTO order_item (order_item_id, order_id, product_id, quantity, unit_price, total_price) VALUES (463, 94, 3, 3, 1913.00, 5739.00);
INSERT INTO order_item (order_item_id, order_id, product_id, quantity, unit_price, total_price) VALUES (464, 94, 4, 2, 1034.00, 2068.00);
INSERT INTO order_item (order_item_id, order_id, product_id, quantity, unit_price, total_price) VALUES (465, 94, 17, 2, 273.00, 546.00);
INSERT INTO order_item (order_item_id, order_id, product_id, quantity, unit_price, total_price) VALUES (466, 94, 5, 3, 595.00, 1785.00);
INSERT INTO order_item (order_item_id, order_id, product_id, quantity, unit_price, total_price) VALUES (467, 94, 11, 1, 921.00, 921.00);
INSERT INTO order_item (order_item_id, order_id, product_id, quantity, unit_price, total_price) VALUES (468, 94, 10, 1, 1002.00, 1002.00);
INSERT INTO order_item (order_item_id, order_id, product_id, quantity, unit_price, total_price) VALUES (469, 94, 7, 1, 850.00, 850.00);
INSERT INTO order_item (order_item_id, order_id, product_id, quantity, unit_price, total_price) VALUES (470, 95, 19, 3, 533.00, 1599.00);
INSERT INTO order_item (order_item_id, order_id, product_id, quantity, unit_price, total_price) VALUES (471, 95, 7, 2, 412.00, 824.00);
INSERT INTO order_item (order_item_id, order_id, product_id, quantity, unit_price, total_price) VALUES (472, 95, 3, 3, 402.00, 1206.00);
INSERT INTO order_item (order_item_id, order_id, product_id, quantity, unit_price, total_price) VALUES (473, 95, 12, 3, 929.00, 2787.00);
INSERT INTO order_item (order_item_id, order_id, product_id, quantity, unit_price, total_price) VALUES (474, 95, 16, 1, 1566.00, 1566.00);
INSERT INTO order_item (order_item_id, order_id, product_id, quantity, unit_price, total_price) VALUES (475, 95, 11, 1, 1656.00, 1656.00);
INSERT INTO order_item (order_item_id, order_id, product_id, quantity, unit_price, total_price) VALUES (476, 95, 18, 1, 1366.00, 1366.00);
INSERT INTO order_item (order_item_id, order_id, product_id, quantity, unit_price, total_price) VALUES (477, 95, 4, 3, 1663.00, 4989.00);
INSERT INTO order_item (order_item_id, order_id, product_id, quantity, unit_price, total_price) VALUES (478, 95, 8, 3, 387.00, 1161.00);
INSERT INTO order_item (order_item_id, order_id, product_id, quantity, unit_price, total_price) VALUES (479, 95, 10, 1, 1017.00, 1017.00);
INSERT INTO order_item (order_item_id, order_id, product_id, quantity, unit_price, total_price) VALUES (480, 96, 7, 3, 382.00, 1146.00);
INSERT INTO order_item (order_item_id, order_id, product_id, quantity, unit_price, total_price) VALUES (481, 97, 18, 3, 1826.00, 5478.00);
INSERT INTO order_item (order_item_id, order_id, product_id, quantity, unit_price, total_price) VALUES (482, 97, 4, 2, 1966.00, 3932.00);
INSERT INTO order_item (order_item_id, order_id, product_id, quantity, unit_price, total_price) VALUES (483, 98, 7, 2, 1331.00, 2662.00);
INSERT INTO order_item (order_item_id, order_id, product_id, quantity, unit_price, total_price) VALUES (484, 99, 10, 2, 490.00, 980.00);
INSERT INTO order_item (order_item_id, order_id, product_id, quantity, unit_price, total_price) VALUES (485, 99, 20, 2, 1443.00, 2886.00);
INSERT INTO order_item (order_item_id, order_id, product_id, quantity, unit_price, total_price) VALUES (486, 99, 12, 3, 1624.00, 4872.00);
INSERT INTO order_item (order_item_id, order_id, product_id, quantity, unit_price, total_price) VALUES (487, 99, 2, 2, 509.00, 1018.00);
INSERT INTO order_item (order_item_id, order_id, product_id, quantity, unit_price, total_price) VALUES (488, 99, 15, 2, 935.00, 1870.00);
INSERT INTO order_item (order_item_id, order_id, product_id, quantity, unit_price, total_price) VALUES (489, 99, 1, 3, 826.00, 2478.00);
INSERT INTO order_item (order_item_id, order_id, product_id, quantity, unit_price, total_price) VALUES (490, 99, 3, 1, 1909.00, 1909.00);
INSERT INTO order_item (order_item_id, order_id, product_id, quantity, unit_price, total_price) VALUES (491, 99, 9, 1, 573.00, 573.00);
INSERT INTO order_item (order_item_id, order_id, product_id, quantity, unit_price, total_price) VALUES (492, 99, 5, 2, 1968.00, 3936.00);
INSERT INTO order_item (order_item_id, order_id, product_id, quantity, unit_price, total_price) VALUES (493, 100, 3, 1, 394.00, 394.00);
INSERT INTO order_item (order_item_id, order_id, product_id, quantity, unit_price, total_price) VALUES (494, 100, 8, 2, 1254.00, 2508.00);
INSERT INTO order_item (order_item_id, order_id, product_id, quantity, unit_price, total_price) VALUES (495, 100, 6, 3, 1961.00, 5883.00);
INSERT INTO order_item (order_item_id, order_id, product_id, quantity, unit_price, total_price) VALUES (496, 100, 20, 1, 1995.00, 1995.00);
INSERT INTO payment (payment_id, order_id, payment_date, amount_paid, payment_method) VALUES (1, 1, '2025-04-12 17:14:55', 13697.00, 'PayPal');
INSERT INTO payment (payment_id, order_id, payment_date, amount_paid, payment_method) VALUES (2, 2, '2025-05-09 17:32:55', 2338.00, 'PayPal');
INSERT INTO payment (payment_id, order_id, payment_date, amount_paid, payment_method) VALUES (3, 3, '2025-04-25 17:34:55', 22358.00, 'PayPal');
INSERT INTO payment (payment_id, order_id, payment_date, amount_paid, payment_method) VALUES (4, 4, '2025-04-30 17:19:55', 20584.00, 'Cash');
INSERT INTO payment (payment_id, order_id, payment_date, amount_paid, payment_method) VALUES (5, 5, '2025-05-10 17:14:55', 10032.00, 'Cash');
INSERT INTO payment (payment_id, order_id, payment_date, amount_paid, payment_method) VALUES (6, 6, '2025-04-28 17:09:55', 14857.00, 'Bank Transfer');
INSERT INTO payment (payment_id, order_id, payment_date, amount_paid, payment_method) VALUES (7, 7, '2025-04-23 17:21:55', 13313.00, 'PayPal');
INSERT INTO payment (payment_id, order_id, payment_date, amount_paid, payment_method) VALUES (8, 8, '2025-05-01 16:52:55', 4163.00, 'Cash');
INSERT INTO payment (payment_id, order_id, payment_date, amount_paid, payment_method) VALUES (9, 9, '2025-04-19 17:12:55', 3586.00, 'Cash');
INSERT INTO payment (payment_id, order_id, payment_date, amount_paid, payment_method) VALUES (10, 10, '2025-04-21 16:47:55', 8007.00, 'PayPal');
INSERT INTO payment (payment_id, order_id, payment_date, amount_paid, payment_method) VALUES (11, 11, '2025-04-30 16:49:55', 8481.00, 'Credit Card');
INSERT INTO payment (payment_id, order_id, payment_date, amount_paid, payment_method) VALUES (12, 12, '2025-04-18 16:59:55', 1965.00, 'Bank Transfer');
INSERT INTO payment (payment_id, order_id, payment_date, amount_paid, payment_method) VALUES (13, 13, '2025-04-11 17:13:55', 2853.00, 'Credit Card');
INSERT INTO payment (payment_id, order_id, payment_date, amount_paid, payment_method) VALUES (14, 14, '2025-04-14 16:54:55', 11759.00, 'Credit Card');
INSERT INTO payment (payment_id, order_id, payment_date, amount_paid, payment_method) VALUES (15, 15, '2025-04-22 17:37:55', 5976.00, 'Cash');
INSERT INTO payment (payment_id, order_id, payment_date, amount_paid, payment_method) VALUES (16, 16, '2025-04-28 16:46:55', 16751.00, 'Credit Card');
INSERT INTO payment (payment_id, order_id, payment_date, amount_paid, payment_method) VALUES (17, 17, '2025-04-28 16:40:55', 2994.00, 'PayPal');
INSERT INTO payment (payment_id, order_id, payment_date, amount_paid, payment_method) VALUES (18, 18, '2025-04-13 17:14:55', 9168.00, 'PayPal');
INSERT INTO payment (payment_id, order_id, payment_date, amount_paid, payment_method) VALUES (19, 19, '2025-04-27 17:11:55', 3023.00, 'Bank Transfer');
INSERT INTO payment (payment_id, order_id, payment_date, amount_paid, payment_method) VALUES (20, 20, '2025-04-25 17:08:55', 6063.00, 'Cash');
INSERT INTO payment (payment_id, order_id, payment_date, amount_paid, payment_method) VALUES (21, 21, '2025-05-09 17:35:55', 21150.00, 'Credit Card');
INSERT INTO payment (payment_id, order_id, payment_date, amount_paid, payment_method) VALUES (22, 22, '2025-04-28 16:47:55', 1282.00, 'Bank Transfer');
INSERT INTO payment (payment_id, order_id, payment_date, amount_paid, payment_method) VALUES (23, 23, '2025-04-16 17:31:55', 1657.00, 'Credit Card');
INSERT INTO payment (payment_id, order_id, payment_date, amount_paid, payment_method) VALUES (24, 24, '2025-04-15 16:40:55', 19979.00, 'Credit Card');
INSERT INTO payment (payment_id, order_id, payment_date, amount_paid, payment_method) VALUES (25, 25, '2025-04-14 17:08:55', 10942.00, 'PayPal');
INSERT INTO payment (payment_id, order_id, payment_date, amount_paid, payment_method) VALUES (26, 26, '2025-04-27 17:08:55', 16939.00, 'Cash');
INSERT INTO payment (payment_id, order_id, payment_date, amount_paid, payment_method) VALUES (27, 27, '2025-05-02 16:51:55', 12017.00, 'Credit Card');
INSERT INTO payment (payment_id, order_id, payment_date, amount_paid, payment_method) VALUES (28, 28, '2025-04-13 17:38:55', 2347.00, 'PayPal');
INSERT INTO payment (payment_id, order_id, payment_date, amount_paid, payment_method) VALUES (29, 29, '2025-05-01 17:32:55', 1873.00, 'Credit Card');
INSERT INTO payment (payment_id, order_id, payment_date, amount_paid, payment_method) VALUES (30, 30, '2025-05-07 17:03:55', 17493.00, 'Cash');
INSERT INTO payment (payment_id, order_id, payment_date, amount_paid, payment_method) VALUES (31, 31, '2025-05-02 17:34:55', 6552.00, 'Bank Transfer');
INSERT INTO payment (payment_id, order_id, payment_date, amount_paid, payment_method) VALUES (32, 32, '2025-04-12 17:05:55', 24717.00, 'Bank Transfer');
INSERT INTO payment (payment_id, order_id, payment_date, amount_paid, payment_method) VALUES (33, 33, '2025-04-30 17:26:55', 222.00, 'PayPal');
INSERT INTO payment (payment_id, order_id, payment_date, amount_paid, payment_method) VALUES (34, 34, '2025-04-13 16:48:55', 18480.00, 'PayPal');
INSERT INTO payment (payment_id, order_id, payment_date, amount_paid, payment_method) VALUES (35, 35, '2025-04-22 16:55:55', 1332.00, 'PayPal');
INSERT INTO payment (payment_id, order_id, payment_date, amount_paid, payment_method) VALUES (36, 36, '2025-04-17 17:23:55', 1698.00, 'PayPal');
INSERT INTO payment (payment_id, order_id, payment_date, amount_paid, payment_method) VALUES (37, 37, '2025-05-03 17:19:55', 7296.00, 'PayPal');
INSERT INTO payment (payment_id, order_id, payment_date, amount_paid, payment_method) VALUES (38, 38, '2025-04-27 17:27:55', 9048.00, 'Cash');
INSERT INTO payment (payment_id, order_id, payment_date, amount_paid, payment_method) VALUES (39, 39, '2025-05-10 17:09:55', 10138.00, 'PayPal');
INSERT INTO payment (payment_id, order_id, payment_date, amount_paid, payment_method) VALUES (40, 40, '2025-04-15 17:26:55', 16229.00, 'PayPal');
INSERT INTO payment (payment_id, order_id, payment_date, amount_paid, payment_method) VALUES (41, 41, '2025-04-26 17:33:55', 3450.00, 'Credit Card');
INSERT INTO payment (payment_id, order_id, payment_date, amount_paid, payment_method) VALUES (42, 42, '2025-04-11 16:46:55', 7720.00, 'Credit Card');
INSERT INTO payment (payment_id, order_id, payment_date, amount_paid, payment_method) VALUES (43, 43, '2025-04-24 17:17:55', 10237.00, 'Bank Transfer');
INSERT INTO payment (payment_id, order_id, payment_date, amount_paid, payment_method) VALUES (44, 44, '2025-04-14 17:20:55', 14384.00, 'Credit Card');
INSERT INTO payment (payment_id, order_id, payment_date, amount_paid, payment_method) VALUES (45, 45, '2025-04-24 17:18:55', 5408.00, 'Credit Card');
INSERT INTO payment (payment_id, order_id, payment_date, amount_paid, payment_method) VALUES (46, 46, '2025-05-06 17:31:55', 16104.00, 'PayPal');
INSERT INTO payment (payment_id, order_id, payment_date, amount_paid, payment_method) VALUES (47, 47, '2025-04-21 17:33:55', 13240.00, 'Credit Card');
INSERT INTO payment (payment_id, order_id, payment_date, amount_paid, payment_method) VALUES (48, 48, '2025-04-25 16:40:55', 17077.00, 'PayPal');
INSERT INTO payment (payment_id, order_id, payment_date, amount_paid, payment_method) VALUES (49, 49, '2025-04-25 17:02:55', 9475.00, 'Bank Transfer');
INSERT INTO payment (payment_id, order_id, payment_date, amount_paid, payment_method) VALUES (50, 50, '2025-05-02 17:08:55', 8768.00, 'PayPal');
INSERT INTO payment (payment_id, order_id, payment_date, amount_paid, payment_method) VALUES (51, 51, '2025-04-29 17:32:55', 3489.00, 'PayPal');
INSERT INTO payment (payment_id, order_id, payment_date, amount_paid, payment_method) VALUES (52, 52, '2025-04-11 16:40:55', 13372.00, 'PayPal');
INSERT INTO payment (payment_id, order_id, payment_date, amount_paid, payment_method) VALUES (53, 53, '2025-05-05 17:09:55', 3746.00, 'PayPal');
INSERT INTO payment (payment_id, order_id, payment_date, amount_paid, payment_method) VALUES (54, 54, '2025-05-04 17:36:55', 15756.00, 'Cash');
INSERT INTO payment (payment_id, order_id, payment_date, amount_paid, payment_method) VALUES (55, 55, '2025-04-14 16:55:55', 5926.00, 'Credit Card');
INSERT INTO payment (payment_id, order_id, payment_date, amount_paid, payment_method) VALUES (56, 56, '2025-05-01 17:04:55', 4316.00, 'Credit Card');
INSERT INTO payment (payment_id, order_id, payment_date, amount_paid, payment_method) VALUES (57, 57, '2025-04-21 17:22:55', 15949.00, 'Bank Transfer');
INSERT INTO payment (payment_id, order_id, payment_date, amount_paid, payment_method) VALUES (58, 58, '2025-04-14 17:25:55', 1682.00, 'Credit Card');
INSERT INTO payment (payment_id, order_id, payment_date, amount_paid, payment_method) VALUES (59, 59, '2025-04-28 17:13:55', 12191.00, 'PayPal');
INSERT INTO payment (payment_id, order_id, payment_date, amount_paid, payment_method) VALUES (60, 60, '2025-04-26 16:57:55', 22394.00, 'PayPal');
INSERT INTO payment (payment_id, order_id, payment_date, amount_paid, payment_method) VALUES (61, 61, '2025-04-19 16:51:55', 6815.00, 'Cash');
INSERT INTO payment (payment_id, order_id, payment_date, amount_paid, payment_method) VALUES (62, 62, '2025-04-27 17:18:55', 12456.00, 'Credit Card');
INSERT INTO payment (payment_id, order_id, payment_date, amount_paid, payment_method) VALUES (63, 63, '2025-04-24 17:31:55', 13488.00, 'PayPal');
INSERT INTO payment (payment_id, order_id, payment_date, amount_paid, payment_method) VALUES (64, 64, '2025-05-10 17:22:55', 15271.00, 'Credit Card');
INSERT INTO payment (payment_id, order_id, payment_date, amount_paid, payment_method) VALUES (65, 65, '2025-05-03 17:34:55', 9185.00, 'Credit Card');
INSERT INTO payment (payment_id, order_id, payment_date, amount_paid, payment_method) VALUES (66, 66, '2025-04-22 17:32:55', 7577.00, 'Credit Card');
INSERT INTO payment (payment_id, order_id, payment_date, amount_paid, payment_method) VALUES (67, 67, '2025-04-12 17:35:55', 4935.00, 'Credit Card');
INSERT INTO payment (payment_id, order_id, payment_date, amount_paid, payment_method) VALUES (68, 68, '2025-04-25 17:33:55', 20340.00, 'Credit Card');
INSERT INTO payment (payment_id, order_id, payment_date, amount_paid, payment_method) VALUES (69, 69, '2025-05-04 17:01:55', 4318.00, 'PayPal');
INSERT INTO payment (payment_id, order_id, payment_date, amount_paid, payment_method) VALUES (70, 70, '2025-04-21 17:35:55', 10594.00, 'Cash');
INSERT INTO payment (payment_id, order_id, payment_date, amount_paid, payment_method) VALUES (71, 71, '2025-04-14 17:37:55', 7220.00, 'Credit Card');
INSERT INTO payment (payment_id, order_id, payment_date, amount_paid, payment_method) VALUES (72, 72, '2025-04-16 17:32:55', 6428.00, 'Bank Transfer');
INSERT INTO payment (payment_id, order_id, payment_date, amount_paid, payment_method) VALUES (73, 73, '2025-05-06 17:19:55', 15219.00, 'Bank Transfer');
INSERT INTO payment (payment_id, order_id, payment_date, amount_paid, payment_method) VALUES (74, 74, '2025-04-28 17:11:55', 14674.00, 'PayPal');
INSERT INTO payment (payment_id, order_id, payment_date, amount_paid, payment_method) VALUES (75, 75, '2025-04-30 16:55:55', 12990.00, 'Bank Transfer');
INSERT INTO payment (payment_id, order_id, payment_date, amount_paid, payment_method) VALUES (76, 76, '2025-04-14 17:04:55', 13879.00, 'Bank Transfer');
INSERT INTO payment (payment_id, order_id, payment_date, amount_paid, payment_method) VALUES (77, 77, '2025-04-25 17:24:55', 17623.00, 'Credit Card');
INSERT INTO payment (payment_id, order_id, payment_date, amount_paid, payment_method) VALUES (78, 78, '2025-04-18 17:20:55', 4164.00, 'Credit Card');
INSERT INTO payment (payment_id, order_id, payment_date, amount_paid, payment_method) VALUES (79, 79, '2025-04-26 16:49:55', 14692.00, 'Cash');
INSERT INTO payment (payment_id, order_id, payment_date, amount_paid, payment_method) VALUES (80, 80, '2025-04-23 17:15:55', 8466.00, 'Credit Card');
INSERT INTO payment (payment_id, order_id, payment_date, amount_paid, payment_method) VALUES (81, 81, '2025-04-19 17:00:55', 18457.00, 'PayPal');
INSERT INTO payment (payment_id, order_id, payment_date, amount_paid, payment_method) VALUES (82, 82, '2025-04-20 17:35:55', 6130.00, 'Bank Transfer');
INSERT INTO payment (payment_id, order_id, payment_date, amount_paid, payment_method) VALUES (83, 83, '2025-04-13 17:35:55', 3570.00, 'Bank Transfer');
INSERT INTO payment (payment_id, order_id, payment_date, amount_paid, payment_method) VALUES (84, 84, '2025-04-18 17:29:55', 19918.00, 'Credit Card');
INSERT INTO payment (payment_id, order_id, payment_date, amount_paid, payment_method) VALUES (85, 85, '2025-05-04 16:58:55', 384.00, 'Cash');
INSERT INTO payment (payment_id, order_id, payment_date, amount_paid, payment_method) VALUES (86, 86, '2025-05-03 16:43:55', 12884.00, 'Bank Transfer');
INSERT INTO payment (payment_id, order_id, payment_date, amount_paid, payment_method) VALUES (87, 87, '2025-04-18 17:32:55', 5220.00, 'PayPal');
INSERT INTO payment (payment_id, order_id, payment_date, amount_paid, payment_method) VALUES (88, 88, '2025-05-04 17:16:55', 10920.00, 'Bank Transfer');
INSERT INTO payment (payment_id, order_id, payment_date, amount_paid, payment_method) VALUES (89, 89, '2025-04-11 17:24:55', 746.00, 'Cash');
INSERT INTO payment (payment_id, order_id, payment_date, amount_paid, payment_method) VALUES (90, 90, '2025-05-04 17:29:55', 13740.00, 'PayPal');
INSERT INTO payment (payment_id, order_id, payment_date, amount_paid, payment_method) VALUES (91, 91, '2025-05-05 16:50:55', 10392.00, 'Cash');
INSERT INTO payment (payment_id, order_id, payment_date, amount_paid, payment_method) VALUES (92, 92, '2025-04-30 17:13:55', 9777.00, 'Credit Card');
INSERT INTO payment (payment_id, order_id, payment_date, amount_paid, payment_method) VALUES (93, 93, '2025-05-06 17:28:55', 14396.00, 'Cash');
INSERT INTO payment (payment_id, order_id, payment_date, amount_paid, payment_method) VALUES (94, 94, '2025-04-14 16:45:55', 15701.00, 'Bank Transfer');
INSERT INTO payment (payment_id, order_id, payment_date, amount_paid, payment_method) VALUES (95, 95, '2025-04-16 16:51:55', 18171.00, 'Credit Card');
INSERT INTO payment (payment_id, order_id, payment_date, amount_paid, payment_method) VALUES (96, 96, '2025-05-07 17:18:55', 1146.00, 'Bank Transfer');
INSERT INTO payment (payment_id, order_id, payment_date, amount_paid, payment_method) VALUES (97, 97, '2025-04-22 17:06:55', 9410.00, 'Bank Transfer');
INSERT INTO payment (payment_id, order_id, payment_date, amount_paid, payment_method) VALUES (98, 98, '2025-05-01 17:35:55', 2662.00, 'Cash');
INSERT INTO payment (payment_id, order_id, payment_date, amount_paid, payment_method) VALUES (99, 99, '2025-05-09 17:29:55', 20522.00, 'Bank Transfer');
INSERT INTO payment (payment_id, order_id, payment_date, amount_paid, payment_method) VALUES (100, 100, '2025-04-25 17:32:55', 10780.00, 'PayPal');